"","x"
"1","YAL001C"
"2","YAL002W"
"3","YAL003W"
"4","YAL005C"
"5","YAL007C"
"6","YAL008W"
"7","YAL009W"
"8","YAL010C"
"9","YAL011W"
"10","YAL012W"
"11","YAL013W"
"12","YAL014C"
"13","YAL015C"
"14","YAL016C-B"
"15","YAL016W"
"16","YAL017W"
"17","YAL019W"
"18","YAL020C"
"19","YAL021C"
"20","YAL022C"
"21","YAL023C"
"22","YAL024C"
"23","YAL025C"
"24","YAL026C"
"25","YAL026C"
"26","YAL027W"
"27","YAL028W"
"28","YAL029C"
"29","YAL030W"
"30","YAL031C"
"31","YAL032C"
"32","YAL033W"
"33","YAL034C"
"34","YAL034W-A"
"35","YAL035W"
"36","YAL036C"
"37","YAL037W"
"38","YAL038W"
"39","YAL039C"
"40","YAL040C"
"41","YAL041W"
"42","YAL042W"
"43","YAL043C"
"44","YAL044C"
"45","YAL044W-A"
"46","YAL046C"
"47","YAL047C"
"48","YAL048C"
"49","YAL049C"
"50","YAL051W"
"51","YAL053W"
"52","YAL054C"
"53","YAL055W"
"54","YAL056W"
"55","YAL058W"
"56","YAL059W"
"57","YAL060W"
"58","YAL061W"
"59","YAL062W"
"60","YAL063C"
"61","YAL065C"
"62","YAL067C"
"63","YAR002C-A"
"64","YAR002W"
"65","YAR003W"
"66","YAR007C"
"67","YAR008W"
"68","YAR014C"
"69","YAR015W"
"70","YAR018C"
"71","YAR019C"
"72","YAR020C"
"73","YAR023C"
"74","YAR027W"
"75","YAR028W"
"76","YAR029W"
"77","YAR030C"
"78","YAR031W"
"79","YAR033W"
"80","YAR035C-A"
"81","YAR035W"
"82","YAR042W"
"83","YAR050W"
"84","YAR068W"
"85","YAR071W"
"86","YBL001C"
"87","YBL002W"
"88","YBL003C"
"89","YBL004W"
"90","YBL005W"
"91","YBL006C"
"92","YBL007C"
"93","YBL008W"
"94","YBL009W"
"95","YBL010C"
"96","YBL011W"
"97","YBL013W"
"98","YBL014C"
"99","YBL015W"
"100","YBL016W"
"101","YBL017C"
"102","YBL018C"
"103","YBL019W"
"104","YBL020W"
"105","YBL021C"
"106","YBL022C"
"107","YBL023C"
"108","YBL024W"
"109","YBL025W"
"110","YBL026W"
"111","YBL027W"
"112","YBL028C"
"113","YBL029C-A"
"114","YBL029W"
"115","YBL030C"
"116","YBL031W"
"117","YBL032W"
"118","YBL033C"
"119","YBL034C"
"120","YBL035C"
"121","YBL036C"
"122","YBL037W"
"123","YBL038W"
"124","YBL039C"
"125","YBL039C"
"126","YBL039W-B"
"127","YBL040C"
"128","YBL041W"
"129","YBL042C"
"130","YBL043W"
"131","YBL045C"
"132","YBL046W"
"133","YBL047C"
"134","YBL048W"
"135","YBL049W"
"136","YBL050W"
"137","YBL051C"
"138","YBL052C"
"139","YBL054W"
"140","YBL055C"
"141","YBL056W"
"142","YBL057C"
"143","YBL058W"
"144","YBL059C-A"
"145","YBL059W"
"146","YBL060W"
"147","YBL061C"
"148","YBL063W"
"149","YBL064C"
"150","YBL066C"
"151","YBL067C"
"152","YBL068W"
"153","YBL069W"
"154","YBL069W"
"155","YBL071C"
"156","YBL071W-A"
"157","YBL072C"
"158","YBL074C"
"159","YBL075C"
"160","YBL076C"
"161","YBL077W"
"162","YBL078C"
"163","YBL079W"
"164","YBL080C"
"165","YBL081W"
"166","YBL082C"
"167","YBL082C"
"168","YBL084C"
"169","YBL085W"
"170","YBL086C"
"171","YBL087C"
"172","YBL088C"
"173","YBL089W"
"174","YBL090W"
"175","YBL091C"
"176","YBL091C-A"
"177","YBL092W"
"178","YBL093C"
"179","YBL095W"
"180","YBL097W"
"181","YBL098W"
"182","YBL099W"
"183","YBL100C"
"184","YBL100W-B"
"185","YBL100W-B"
"186","YBL101C"
"187","YBL102W"
"188","YBL103C"
"189","YBL104C"
"190","YBL105C"
"191","YBL106C"
"192","YBL107C"
"193","YBL107W-A"
"194","YBL113C"
"195","YBL113C"
"196","YBR001C"
"197","YBR002C"
"198","YBR003W"
"199","YBR004C"
"200","YBR005W"
"201","YBR006W"
"202","YBR007C"
"203","YBR008C"
"204","YBR009C"
"205","YBR010W"
"206","YBR011C"
"207","YBR012C"
"208","YBR013C"
"209","YBR014C"
"210","YBR015C"
"211","YBR016W"
"212","YBR017C"
"213","YBR018C"
"214","YBR019C"
"215","YBR020W"
"216","YBR021W"
"217","YBR022W"
"218","YBR023C"
"219","YBR024W"
"220","YBR025C"
"221","YBR026C"
"222","YBR027C"
"223","YBR028C"
"224","YBR029C"
"225","YBR030W"
"226","YBR031W"
"227","YBR032W"
"228","YBR033W"
"229","YBR034C"
"230","YBR035C"
"231","YBR036C"
"232","YBR037C"
"233","YBR038W"
"234","YBR039W"
"235","YBR041W"
"236","YBR042C"
"237","YBR043C"
"238","YBR044C"
"239","YBR045C"
"240","YBR046C"
"241","YBR047W"
"242","YBR048W"
"243","YBR049C"
"244","YBR050C"
"245","YBR052C"
"246","YBR053C"
"247","YBR054W"
"248","YBR055C"
"249","YBR056W"
"250","YBR056W-A"
"251","YBR057C"
"252","YBR058C"
"253","YBR058C-A"
"254","YBR059C"
"255","YBR060C"
"256","YBR061C"
"257","YBR062C"
"258","YBR063C"
"259","YBR065C"
"260","YBR066C"
"261","YBR067C"
"262","YBR068C"
"263","YBR069C"
"264","YBR070C"
"265","YBR071W"
"266","YBR072W"
"267","YBR073W"
"268","YBR074W"
"269","YBR076C-A"
"270","YBR076W"
"271","YBR077C"
"272","YBR078W"
"273","YBR079C"
"274","YBR080C"
"275","YBR081C"
"276","YBR082C"
"277","YBR083W"
"278","YBR084C-A"
"279","YBR084W"
"280","YBR085C-A"
"281","YBR086C"
"282","YBR087W"
"283","YBR088C"
"284","YBR090C"
"285","YBR090C"
"286","YBR091C"
"287","YBR092C"
"288","YBR093C"
"289","YBR094W"
"290","YBR095C"
"291","YBR096W"
"292","YBR097W"
"293","YBR098W"
"294","YBR101C"
"295","YBR102C"
"296","YBR103W"
"297","YBR104W"
"298","YBR105C"
"299","YBR106W"
"300","YBR107C"
"301","YBR108W"
"302","YBR109C"
"303","YBR110W"
"304","YBR111C"
"305","YBR111W-A"
"306","YBR112C"
"307","YBR113W"
"308","YBR114W"
"309","YBR115C"
"310","YBR117C"
"311","YBR117C"
"312","YBR118W"
"313","YBR119W"
"314","YBR120C"
"315","YBR121C"
"316","YBR121C"
"317","YBR122C"
"318","YBR123C"
"319","YBR125C"
"320","YBR126C"
"321","YBR127C"
"322","YBR128C"
"323","YBR129C"
"324","YBR130C"
"325","YBR131W"
"326","YBR132C"
"327","YBR133C"
"328","YBR135W"
"329","YBR136W"
"330","YBR137W"
"331","YBR138C"
"332","YBR139W"
"333","YBR140C"
"334","YBR141C"
"335","YBR142W"
"336","YBR143C"
"337","YBR145W"
"338","YBR146W"
"339","YBR147W"
"340","YBR148W"
"341","YBR149W"
"342","YBR150C"
"343","YBR151W"
"344","YBR152W"
"345","YBR153W"
"346","YBR154C"
"347","YBR155W"
"348","YBR156C"
"349","YBR157C"
"350","YBR158W"
"351","YBR159W"
"352","YBR160W"
"353","YBR161W"
"354","YBR162C"
"355","YBR162W-A"
"356","YBR163W"
"357","YBR164C"
"358","YBR165W"
"359","YBR166C"
"360","YBR167C"
"361","YBR168W"
"362","YBR169C"
"363","YBR170C"
"364","YBR171W"
"365","YBR172C"
"366","YBR173C"
"367","YBR175W"
"368","YBR176W"
"369","YBR177C"
"370","YBR179C"
"371","YBR180W"
"372","YBR181C"
"373","YBR182C"
"374","YBR183W"
"375","YBR184W"
"376","YBR185C"
"377","YBR186W"
"378","YBR187W"
"379","YBR188C"
"380","YBR189W"
"381","YBR191W"
"382","YBR191W"
"383","YBR192W"
"384","YBR193C"
"385","YBR194W"
"386","YBR195C"
"387","YBR196C"
"388","YBR196C-A"
"389","YBR196C-B"
"390","YBR197C"
"391","YBR198C"
"392","YBR199W"
"393","YBR200W"
"394","YBR201C-A"
"395","YBR201W"
"396","YBR202W"
"397","YBR203W"
"398","YBR204C"
"399","YBR205W"
"400","YBR205W"
"401","YBR207W"
"402","YBR208C"
"403","YBR209W"
"404","YBR210W"
"405","YBR211C"
"406","YBR212W"
"407","YBR213W"
"408","YBR214W"
"409","YBR215W"
"410","YBR216C"
"411","YBR217W"
"412","YBR218C"
"413","YBR220C"
"414","YBR220C"
"415","YBR221C"
"416","YBR221W-A"
"417","YBR222C"
"418","YBR223C"
"419","YBR225W"
"420","YBR225W"
"421","YBR226C"
"422","YBR227C"
"423","YBR228W"
"424","YBR229C"
"425","YBR230C"
"426","YBR230W-A"
"427","YBR231C"
"428","YBR233W"
"429","YBR233W-A"
"430","YBR234C"
"431","YBR235W"
"432","YBR236C"
"433","YBR237W"
"434","YBR238C"
"435","YBR239C"
"436","YBR240C"
"437","YBR241C"
"438","YBR242W"
"439","YBR243C"
"440","YBR244W"
"441","YBR245C"
"442","YBR246W"
"443","YBR247C"
"444","YBR248C"
"445","YBR249C"
"446","YBR250W"
"447","YBR251W"
"448","YBR252W"
"449","YBR253W"
"450","YBR254C"
"451","YBR255C-A"
"452","YBR255W"
"453","YBR256C"
"454","YBR257W"
"455","YBR258C"
"456","YBR259W"
"457","YBR260C"
"458","YBR261C"
"459","YBR262C"
"460","YBR263W"
"461","YBR264C"
"462","YBR265W"
"463","YBR267W"
"464","YBR268W"
"465","YBR269C"
"466","YBR270C"
"467","YBR271W"
"468","YBR272C"
"469","YBR273C"
"470","YBR274W"
"471","YBR275C"
"472","YBR276C"
"473","YBR278W"
"474","YBR279W"
"475","YBR280C"
"476","YBR281C"
"477","YBR282W"
"478","YBR283C"
"479","YBR284W"
"480","YBR285W"
"481","YBR286W"
"482","YBR287W"
"483","YBR288C"
"484","YBR289W"
"485","YBR290W"
"486","YBR291C"
"487","YBR292C"
"488","YBR293W"
"489","YBR294W"
"490","YBR295W"
"491","YBR296C"
"492","YBR297W"
"493","YBR298C"
"494","YBR299W"
"495","YCL001W"
"496","YCL001W-A"
"497","YCL001W-B"
"498","YCL002C"
"499","YCL004W"
"500","YCL005W"
"501","YCL005W-A"
"502","YCL008C"
"503","YCL009C"
"504","YCL010C"
"505","YCL011C"
"506","YCL012C"
"507","YCL014W"
"508","YCL016C"
"509","YCL017C"
"510","YCL018W"
"511","YCL021W-A"
"512","YCL024W"
"513","YCL025C"
"514","YCL026C-B"
"515","YCL027W"
"516","YCL028W"
"517","YCL029C"
"518","YCL030C"
"519","YCL031C"
"520","YCL032W"
"521","YCL033C"
"522","YCL034W"
"523","YCL035C"
"524","YCL036W"
"525","YCL037C"
"526","YCL038C"
"527","YCL039W"
"528","YCL040W"
"529","YCL040W"
"530","YCL043C"
"531","YCL043C"
"532","YCL044C"
"533","YCL045C"
"534","YCL047C"
"535","YCL048W"
"536","YCL048W-A"
"537","YCL049C"
"538","YCL050C"
"539","YCL051W"
"540","YCL052C"
"541","YCL054W"
"542","YCL055W"
"543","YCL056C"
"544","YCL057C-A"
"545","YCL057W"
"546","YCL058C"
"547","YCL059C"
"548","YCL061C"
"549","YCL063W"
"550","YCL064C"
"551","YCR001W"
"552","YCR002C"
"553","YCR003W"
"554","YCR004C"
"555","YCR005C"
"556","YCR006C"
"557","YCR007C"
"558","YCR008W"
"559","YCR009C"
"560","YCR010C"
"561","YCR011C"
"562","YCR012W"
"563","YCR013C"
"564","YCR014C"
"565","YCR015C"
"566","YCR016W"
"567","YCR017C"
"568","YCR018C"
"569","YCR018C-A"
"570","YCR019W"
"571","YCR020C"
"572","YCR020C-A"
"573","YCR020W-B"
"574","YCR021C"
"575","YCR022C"
"576","YCR023C"
"577","YCR024C"
"578","YCR024C-A"
"579","YCR024C-B"
"580","YCR025C"
"581","YCR026C"
"582","YCR027C"
"583","YCR028C"
"584","YCR028C-A"
"585","YCR030C"
"586","YCR031C"
"587","YCR032W"
"588","YCR033W"
"589","YCR034W"
"590","YCR035C"
"591","YCR036W"
"592","YCR037C"
"593","YCR038C"
"594","YCR038C"
"595","YCR042C"
"596","YCR043C"
"597","YCR044C"
"598","YCR045C"
"599","YCR046C"
"600","YCR047C"
"601","YCR048W"
"602","YCR051W"
"603","YCR052W"
"604","YCR053W"
"605","YCR054C"
"606","YCR057C"
"607","YCR059C"
"608","YCR060W"
"609","YCR061W"
"610","YCR063W"
"611","YCR065W"
"612","YCR066W"
"613","YCR067C"
"614","YCR068W"
"615","YCR069W"
"616","YCR071C"
"617","YCR072C"
"618","YCR073C"
"619","YCR073W-A"
"620","YCR075C"
"621","YCR075W-A"
"622","YCR076C"
"623","YCR077C"
"624","YCR079W"
"625","YCR081W"
"626","YCR082W"
"627","YCR083W"
"628","YCR084C"
"629","YCR086W"
"630","YCR088W"
"631","YCR089W"
"632","YCR090C"
"633","YCR091W"
"634","YCR092C"
"635","YCR093W"
"636","YCR094W"
"637","YCR095C"
"638","YCR095W-A"
"639","YCR097W"
"640","YCR098C"
"641","YCR100C"
"642","YCR100C"
"643","YCR101C"
"644","YCR102C"
"645","YCR105W"
"646","YCR106W"
"647","YCR107W"
"648","YDL001W"
"649","YDL002C"
"650","YDL003W"
"651","YDL004W"
"652","YDL005C"
"653","YDL006W"
"654","YDL007W"
"655","YDL008W"
"656","YDL009C"
"657","YDL010W"
"658","YDL012C"
"659","YDL013W"
"660","YDL014W"
"661","YDL015C"
"662","YDL016C"
"663","YDL017W"
"664","YDL018C"
"665","YDL019C"
"666","YDL020C"
"667","YDL021W"
"668","YDL022W"
"669","YDL024C"
"670","YDL024C"
"671","YDL025C"
"672","YDL027C"
"673","YDL028C"
"674","YDL029W"
"675","YDL030W"
"676","YDL031W"
"677","YDL033C"
"678","YDL035C"
"679","YDL036C"
"680","YDL039C"
"681","YDL040C"
"682","YDL042C"
"683","YDL043C"
"684","YDL044C"
"685","YDL045C"
"686","YDL045W-A"
"687","YDL046W"
"688","YDL047W"
"689","YDL048C"
"690","YDL049C"
"691","YDL050C"
"692","YDL051W"
"693","YDL052C"
"694","YDL053C"
"695","YDL054C"
"696","YDL055C"
"697","YDL056W"
"698","YDL057W"
"699","YDL058W"
"700","YDL059C"
"701","YDL060W"
"702","YDL061C"
"703","YDL063C"
"704","YDL064W"
"705","YDL065C"
"706","YDL066W"
"707","YDL067C"
"708","YDL069C"
"709","YDL070W"
"710","YDL072C"
"711","YDL073W"
"712","YDL074C"
"713","YDL075W"
"714","YDL076C"
"715","YDL077C"
"716","YDL078C"
"717","YDL079C"
"718","YDL080C"
"719","YDL081C"
"720","YDL082W"
"721","YDL083C"
"722","YDL084W"
"723","YDL085C-A"
"724","YDL085W"
"725","YDL086W"
"726","YDL087C"
"727","YDL088C"
"728","YDL089W"
"729","YDL090C"
"730","YDL091C"
"731","YDL092W"
"732","YDL093W"
"733","YDL094C"
"734","YDL095W"
"735","YDL097C"
"736","YDL098C"
"737","YDL099W"
"738","YDL100C"
"739","YDL101C"
"740","YDL102W"
"741","YDL103C"
"742","YDL104C"
"743","YDL105W"
"744","YDL106C"
"745","YDL107W"
"746","YDL108W"
"747","YDL109C"
"748","YDL110C"
"749","YDL111C"
"750","YDL112W"
"751","YDL113C"
"752","YDL115C"
"753","YDL116W"
"754","YDL117W"
"755","YDL119C"
"756","YDL120W"
"757","YDL121C"
"758","YDL122W"
"759","YDL123W"
"760","YDL124W"
"761","YDL125C"
"762","YDL126C"
"763","YDL127W"
"764","YDL128W"
"765","YDL129W"
"766","YDL130W"
"767","YDL130W-A"
"768","YDL131W"
"769","YDL132W"
"770","YDL133C-A"
"771","YDL133W"
"772","YDL134C"
"773","YDL135C"
"774","YDL136W"
"775","YDL137W"
"776","YDL138W"
"777","YDL139C"
"778","YDL140C"
"779","YDL141W"
"780","YDL142C"
"781","YDL143W"
"782","YDL144C"
"783","YDL145C"
"784","YDL146W"
"785","YDL147W"
"786","YDL148C"
"787","YDL149W"
"788","YDL150W"
"789","YDL153C"
"790","YDL154W"
"791","YDL155W"
"792","YDL156W"
"793","YDL157C"
"794","YDL158C"
"795","YDL159W"
"796","YDL160C"
"797","YDL160C-A"
"798","YDL161W"
"799","YDL164C"
"800","YDL165W"
"801","YDL166C"
"802","YDL167C"
"803","YDL168W"
"804","YDL169C"
"805","YDL170W"
"806","YDL171C"
"807","YDL173W"
"808","YDL174C"
"809","YDL175C"
"810","YDL176W"
"811","YDL177C"
"812","YDL178W"
"813","YDL179W"
"814","YDL180W"
"815","YDL181W"
"816","YDL182W"
"817","YDL183C"
"818","YDL184C"
"819","YDL185W"
"820","YDL186W"
"821","YDL188C"
"822","YDL189W"
"823","YDL190C"
"824","YDL191W"
"825","YDL192W"
"826","YDL193W"
"827","YDL194W"
"828","YDL195W"
"829","YDL197C"
"830","YDL198C"
"831","YDL199C"
"832","YDL200C"
"833","YDL201W"
"834","YDL202W"
"835","YDL203C"
"836","YDL204W"
"837","YDL205C"
"838","YDL206W"
"839","YDL207W"
"840","YDL208W"
"841","YDL209C"
"842","YDL210W"
"843","YDL211C"
"844","YDL212W"
"845","YDL213C"
"846","YDL214C"
"847","YDL215C"
"848","YDL216C"
"849","YDL217C"
"850","YDL218W"
"851","YDL219W"
"852","YDL220C"
"853","YDL221W"
"854","YDL222C"
"855","YDL223C"
"856","YDL224C"
"857","YDL225W"
"858","YDL226C"
"859","YDL227C"
"860","YDL229W"
"861","YDL230W"
"862","YDL231C"
"863","YDL232W"
"864","YDL233W"
"865","YDL234C"
"866","YDL235C"
"867","YDL236W"
"868","YDL237W"
"869","YDL238C"
"870","YDL239C"
"871","YDL240W"
"872","YDL241W"
"873","YDL242W"
"874","YDL243C"
"875","YDL244W"
"876","YDL248W"
"877","YDR001C"
"878","YDR002W"
"879","YDR003W"
"880","YDR003W-A"
"881","YDR004W"
"882","YDR005C"
"883","YDR006C"
"884","YDR007W"
"885","YDR009W"
"886","YDR010C"
"887","YDR011W"
"888","YDR012W"
"889","YDR013W"
"890","YDR014W"
"891","YDR016C"
"892","YDR017C"
"893","YDR018C"
"894","YDR019C"
"895","YDR020C"
"896","YDR021W"
"897","YDR022C"
"898","YDR023W"
"899","YDR024W"
"900","YDR025W"
"901","YDR026C"
"902","YDR027C"
"903","YDR028C"
"904","YDR029W"
"905","YDR030C"
"906","YDR031W"
"907","YDR032C"
"908","YDR033W"
"909","YDR034C"
"910","YDR034C-A"
"911","YDR034W-B"
"912","YDR035W"
"913","YDR036C"
"914","YDR037W"
"915","YDR038C"
"916","YDR040C"
"917","YDR041W"
"918","YDR043C"
"919","YDR044W"
"920","YDR045C"
"921","YDR046C"
"922","YDR047W"
"923","YDR049W"
"924","YDR050C"
"925","YDR051C"
"926","YDR052C"
"927","YDR054C"
"928","YDR055W"
"929","YDR056C"
"930","YDR057W"
"931","YDR058C"
"932","YDR059C"
"933","YDR060W"
"934","YDR061W"
"935","YDR062W"
"936","YDR063W"
"937","YDR064W"
"938","YDR065W"
"939","YDR066C"
"940","YDR067C"
"941","YDR068W"
"942","YDR069C"
"943","YDR070C"
"944","YDR071C"
"945","YDR072C"
"946","YDR073W"
"947","YDR074W"
"948","YDR075W"
"949","YDR076W"
"950","YDR077W"
"951","YDR078C"
"952","YDR079C-A"
"953","YDR079W"
"954","YDR080W"
"955","YDR081C"
"956","YDR082W"
"957","YDR083W"
"958","YDR084C"
"959","YDR085C"
"960","YDR086C"
"961","YDR087C"
"962","YDR088C"
"963","YDR089W"
"964","YDR090C"
"965","YDR091C"
"966","YDR092W"
"967","YDR093W"
"968","YDR093W"
"969","YDR096W"
"970","YDR097C"
"971","YDR098C"
"972","YDR099W"
"973","YDR100W"
"974","YDR101C"
"975","YDR103W"
"976","YDR104C"
"977","YDR105C"
"978","YDR106W"
"979","YDR107C"
"980","YDR108W"
"981","YDR109C"
"982","YDR110W"
"983","YDR111C"
"984","YDR112W"
"985","YDR113C"
"986","YDR115W"
"987","YDR116C"
"988","YDR117C"
"989","YDR118W"
"990","YDR118W"
"991","YDR119W"
"992","YDR119W-A"
"993","YDR120C"
"994","YDR121W"
"995","YDR122W"
"996","YDR123C"
"997","YDR124W"
"998","YDR125C"
"999","YDR126W"
"1000","YDR127W"
"1001","YDR128W"
"1002","YDR129C"
"1003","YDR130C"
"1004","YDR131C"
"1005","YDR132C"
"1006","YDR134C"
"1007","YDR134C"
"1008","YDR135C"
"1009","YDR137W"
"1010","YDR138W"
"1011","YDR139C"
"1012","YDR140W"
"1013","YDR141C"
"1014","YDR142C"
"1015","YDR143C"
"1016","YDR144C"
"1017","YDR145W"
"1018","YDR146C"
"1019","YDR147W"
"1020","YDR148C"
"1021","YDR150W"
"1022","YDR151C"
"1023","YDR152W"
"1024","YDR153C"
"1025","YDR155C"
"1026","YDR155C"
"1027","YDR156W"
"1028","YDR156W"
"1029","YDR158W"
"1030","YDR159W"
"1031","YDR160W"
"1032","YDR161W"
"1033","YDR162C"
"1034","YDR163W"
"1035","YDR164C"
"1036","YDR165W"
"1037","YDR166C"
"1038","YDR167W"
"1039","YDR168W"
"1040","YDR169C"
"1041","YDR170C"
"1042","YDR170W-A"
"1043","YDR171W"
"1044","YDR172W"
"1045","YDR173C"
"1046","YDR174W"
"1047","YDR175C"
"1048","YDR176W"
"1049","YDR177W"
"1050","YDR178W"
"1051","YDR179C"
"1052","YDR179W-A"
"1053","YDR180W"
"1054","YDR181C"
"1055","YDR182W"
"1056","YDR182W-A"
"1057","YDR183W"
"1058","YDR184C"
"1059","YDR184C"
"1060","YDR185C"
"1061","YDR186C"
"1062","YDR188W"
"1063","YDR189W"
"1064","YDR190C"
"1065","YDR191W"
"1066","YDR192C"
"1067","YDR194C"
"1068","YDR195W"
"1069","YDR196C"
"1070","YDR197W"
"1071","YDR198C"
"1072","YDR199W"
"1073","YDR200C"
"1074","YDR201W"
"1075","YDR202C"
"1076","YDR204W"
"1077","YDR205W"
"1078","YDR206W"
"1079","YDR207C"
"1080","YDR208W"
"1081","YDR209C"
"1082","YDR211W"
"1083","YDR212W"
"1084","YDR213W"
"1085","YDR214W"
"1086","YDR215C"
"1087","YDR216W"
"1088","YDR217C"
"1089","YDR218C"
"1090","YDR219C"
"1091","YDR221W"
"1092","YDR222W"
"1093","YDR223W"
"1094","YDR224C"
"1095","YDR225W"
"1096","YDR226W"
"1097","YDR227W"
"1098","YDR228C"
"1099","YDR229W"
"1100","YDR230W"
"1101","YDR231C"
"1102","YDR232W"
"1103","YDR233C"
"1104","YDR234W"
"1105","YDR235W"
"1106","YDR236C"
"1107","YDR237W"
"1108","YDR238C"
"1109","YDR239C"
"1110","YDR240C"
"1111","YDR241W"
"1112","YDR242W"
"1113","YDR243C"
"1114","YDR244W"
"1115","YDR245W"
"1116","YDR246W"
"1117","YDR246W-A"
"1118","YDR247W"
"1119","YDR248C"
"1120","YDR249C"
"1121","YDR251W"
"1122","YDR252W"
"1123","YDR253C"
"1124","YDR254W"
"1125","YDR255C"
"1126","YDR256C"
"1127","YDR257C"
"1128","YDR258C"
"1129","YDR259C"
"1130","YDR260C"
"1131","YDR261C"
"1132","YDR262W"
"1133","YDR263C"
"1134","YDR264C"
"1135","YDR265W"
"1136","YDR266C"
"1137","YDR267C"
"1138","YDR268W"
"1139","YDR270W"
"1140","YDR272W"
"1141","YDR273W"
"1142","YDR274C"
"1143","YDR275W"
"1144","YDR276C"
"1145","YDR277C"
"1146","YDR279W"
"1147","YDR280W"
"1148","YDR282C"
"1149","YDR283C"
"1150","YDR284C"
"1151","YDR285W"
"1152","YDR286C"
"1153","YDR287W"
"1154","YDR288W"
"1155","YDR289C"
"1156","YDR291W"
"1157","YDR292C"
"1158","YDR293C"
"1159","YDR294C"
"1160","YDR295C"
"1161","YDR296W"
"1162","YDR297W"
"1163","YDR298C"
"1164","YDR299W"
"1165","YDR300C"
"1166","YDR301W"
"1167","YDR302W"
"1168","YDR303C"
"1169","YDR304C"
"1170","YDR305C"
"1171","YDR306C"
"1172","YDR307W"
"1173","YDR308C"
"1174","YDR309C"
"1175","YDR310C"
"1176","YDR311W"
"1177","YDR312W"
"1178","YDR313C"
"1179","YDR314C"
"1180","YDR315C"
"1181","YDR316W"
"1182","YDR317W"
"1183","YDR318W"
"1184","YDR319C"
"1185","YDR320C"
"1186","YDR320C-A"
"1187","YDR321W"
"1188","YDR322C-A"
"1189","YDR322W"
"1190","YDR323C"
"1191","YDR324C"
"1192","YDR325W"
"1193","YDR326C"
"1194","YDR327W"
"1195","YDR328C"
"1196","YDR329C"
"1197","YDR330W"
"1198","YDR331W"
"1199","YDR332W"
"1200","YDR333C"
"1201","YDR334W"
"1202","YDR335W"
"1203","YDR336W"
"1204","YDR337W"
"1205","YDR338C"
"1206","YDR339C"
"1207","YDR341C"
"1208","YDR342C"
"1209","YDR343C"
"1210","YDR345C"
"1211","YDR346C"
"1212","YDR347W"
"1213","YDR348C"
"1214","YDR349C"
"1215","YDR350C"
"1216","YDR351W"
"1217","YDR352W"
"1218","YDR353W"
"1219","YDR354W"
"1220","YDR356W"
"1221","YDR357C"
"1222","YDR358W"
"1223","YDR359C"
"1224","YDR361C"
"1225","YDR362C"
"1226","YDR363W"
"1227","YDR363W-A"
"1228","YDR364C"
"1229","YDR365C"
"1230","YDR366C"
"1231","YDR367W"
"1232","YDR368W"
"1233","YDR369C"
"1234","YDR370C"
"1235","YDR371W"
"1236","YDR372C"
"1237","YDR373W"
"1238","YDR374W-A"
"1239","YDR375C"
"1240","YDR376W"
"1241","YDR377W"
"1242","YDR378C"
"1243","YDR379C-A"
"1244","YDR379W"
"1245","YDR380W"
"1246","YDR381C-A"
"1247","YDR381W"
"1248","YDR382W"
"1249","YDR383C"
"1250","YDR384C"
"1251","YDR385W"
"1252","YDR386W"
"1253","YDR387C"
"1254","YDR388W"
"1255","YDR389W"
"1256","YDR390C"
"1257","YDR391C"
"1258","YDR392W"
"1259","YDR393W"
"1260","YDR394W"
"1261","YDR395W"
"1262","YDR396W"
"1263","YDR398W"
"1264","YDR399W"
"1265","YDR400W"
"1266","YDR402C"
"1267","YDR403W"
"1268","YDR404C"
"1269","YDR405W"
"1270","YDR406W"
"1271","YDR406W"
"1272","YDR407C"
"1273","YDR408C"
"1274","YDR409W"
"1275","YDR410C"
"1276","YDR411C"
"1277","YDR414C"
"1278","YDR415C"
"1279","YDR416W"
"1280","YDR418W"
"1281","YDR419W"
"1282","YDR420W"
"1283","YDR421W"
"1284","YDR422C"
"1285","YDR423C"
"1286","YDR424C"
"1287","YDR425W"
"1288","YDR427W"
"1289","YDR428C"
"1290","YDR429C"
"1291","YDR430C"
"1292","YDR432W"
"1293","YDR432W"
"1294","YDR434W"
"1295","YDR435C"
"1296","YDR436W"
"1297","YDR437W"
"1298","YDR438W"
"1299","YDR439W"
"1300","YDR440W"
"1301","YDR441C"
"1302","YDR443C"
"1303","YDR444W"
"1304","YDR447C"
"1305","YDR448W"
"1306","YDR449C"
"1307","YDR450W"
"1308","YDR451C"
"1309","YDR452W"
"1310","YDR453C"
"1311","YDR454C"
"1312","YDR456W"
"1313","YDR457W"
"1314","YDR458C"
"1315","YDR459C"
"1316","YDR460W"
"1317","YDR461C-A"
"1318","YDR461W"
"1319","YDR462W"
"1320","YDR463W"
"1321","YDR464W"
"1322","YDR465C"
"1323","YDR466W"
"1324","YDR467C"
"1325","YDR468C"
"1326","YDR469W"
"1327","YDR470C"
"1328","YDR471W"
"1329","YDR472W"
"1330","YDR473C"
"1331","YDR475C"
"1332","YDR476C"
"1333","YDR477W"
"1334","YDR478W"
"1335","YDR479C"
"1336","YDR480W"
"1337","YDR481C"
"1338","YDR482C"
"1339","YDR483W"
"1340","YDR484W"
"1341","YDR485C"
"1342","YDR486C"
"1343","YDR487C"
"1344","YDR488C"
"1345","YDR489W"
"1346","YDR490C"
"1347","YDR491C"
"1348","YDR492W"
"1349","YDR493W"
"1350","YDR494W"
"1351","YDR495C"
"1352","YDR496C"
"1353","YDR497C"
"1354","YDR498C"
"1355","YDR499W"
"1356","YDR500C"
"1357","YDR501W"
"1358","YDR502C"
"1359","YDR503C"
"1360","YDR504C"
"1361","YDR505C"
"1362","YDR506C"
"1363","YDR507C"
"1364","YDR508C"
"1365","YDR510C-A"
"1366","YDR510W"
"1367","YDR511W"
"1368","YDR512C"
"1369","YDR513W"
"1370","YDR514C"
"1371","YDR515W"
"1372","YDR516C"
"1373","YDR517W"
"1374","YDR518W"
"1375","YDR519W"
"1376","YDR520C"
"1377","YDR522C"
"1378","YDR523C"
"1379","YDR524C"
"1380","YDR524C-B"
"1381","YDR524W-C"
"1382","YDR525W-A"
"1383","YDR527W"
"1384","YDR528W"
"1385","YDR529C"
"1386","YDR530C"
"1387","YDR531W"
"1388","YDR532C"
"1389","YDR533C"
"1390","YDR534C"
"1391","YDR535C"
"1392","YDR536W"
"1393","YDR537C"
"1394","YDR538W"
"1395","YDR539W"
"1396","YDR540C"
"1397","YDR541C"
"1398","YEL001C"
"1399","YEL002C"
"1400","YEL003W"
"1401","YEL004W"
"1402","YEL005C"
"1403","YEL006W"
"1404","YEL007W"
"1405","YEL009C"
"1406","YEL011W"
"1407","YEL012W"
"1408","YEL013W"
"1409","YEL014C"
"1410","YEL015W"
"1411","YEL016C"
"1412","YEL017C-A"
"1413","YEL017W"
"1414","YEL018W"
"1415","YEL019C"
"1416","YEL020C"
"1417","YEL020W-A"
"1418","YEL022W"
"1419","YEL023C"
"1420","YEL024W"
"1421","YEL025C"
"1422","YEL026W"
"1423","YEL027W"
"1424","YEL028W"
"1425","YEL029C"
"1426","YEL030W"
"1427","YEL031W"
"1428","YEL032W"
"1429","YEL033W"
"1430","YEL035C"
"1431","YEL036C"
"1432","YEL037C"
"1433","YEL038W"
"1434","YEL039C"
"1435","YEL040W"
"1436","YEL041W"
"1437","YEL042W"
"1438","YEL043W"
"1439","YEL044W"
"1440","YEL046C"
"1441","YEL047C"
"1442","YEL048C"
"1443","YEL049W"
"1444","YEL050C"
"1445","YEL050W-A"
"1446","YEL051W"
"1447","YEL052W"
"1448","YEL053C"
"1449","YEL054C"
"1450","YEL055C"
"1451","YEL056W"
"1452","YEL057C"
"1453","YEL058W"
"1454","YEL059C-A"
"1455","YEL059W"
"1456","YEL060C"
"1457","YEL061C"
"1458","YEL062W"
"1459","YEL063C"
"1460","YEL064C"
"1461","YEL065W"
"1462","YEL066W"
"1463","YEL067C"
"1464","YEL068C"
"1465","YEL069C"
"1466","YEL070W"
"1467","YEL071W"
"1468","YEL072W"
"1469","YEL073C"
"1470","YEL077C"
"1471","YER001W"
"1472","YER002W"
"1473","YER003C"
"1474","YER004W"
"1475","YER005W"
"1476","YER006W"
"1477","YER007C-A"
"1478","YER007W"
"1479","YER008C"
"1480","YER009W"
"1481","YER010C"
"1482","YER012W"
"1483","YER013W"
"1484","YER014W"
"1485","YER015W"
"1486","YER016W"
"1487","YER017C"
"1488","YER018C"
"1489","YER019C-A"
"1490","YER019W"
"1491","YER020W"
"1492","YER021W"
"1493","YER022W"
"1494","YER023W"
"1495","YER024W"
"1496","YER025W"
"1497","YER026C"
"1498","YER027C"
"1499","YER028C"
"1500","YER029C"
"1501","YER030W"
"1502","YER031C"
"1503","YER032W"
"1504","YER033C"
"1505","YER034W"
"1506","YER035W"
"1507","YER036C"
"1508","YER037W"
"1509","YER038C"
"1510","YER039C"
"1511","YER039C-A"
"1512","YER040W"
"1513","YER041W"
"1514","YER042W"
"1515","YER043C"
"1516","YER044C"
"1517","YER045C"
"1518","YER046W"
"1519","YER047C"
"1520","YER048C"
"1521","YER048W-A"
"1522","YER049W"
"1523","YER050C"
"1524","YER051W"
"1525","YER052C"
"1526","YER053C"
"1527","YER053C-A"
"1528","YER054C"
"1529","YER055C"
"1530","YER056C"
"1531","YER056C-A"
"1532","YER057C"
"1533","YER058W"
"1534","YER059W"
"1535","YER060W"
"1536","YER060W-A"
"1537","YER061C"
"1538","YER062C"
"1539","YER063W"
"1540","YER064C"
"1541","YER065C"
"1542","YER066C-A"
"1543","YER066W"
"1544","YER067C-A"
"1545","YER068W"
"1546","YER069W"
"1547","YER070W"
"1548","YER071C"
"1549","YER072W"
"1550","YER073W"
"1551","YER074W"
"1552","YER074W-A"
"1553","YER075C"
"1554","YER076C"
"1555","YER076W-A"
"1556","YER077C"
"1557","YER078C"
"1558","YER079W"
"1559","YER080W"
"1560","YER081W"
"1561","YER082C"
"1562","YER083C"
"1563","YER084W"
"1564","YER086W"
"1565","YER087C-B"
"1566","YER087W"
"1567","YER088C"
"1568","YER089C"
"1569","YER089C"
"1570","YER090W"
"1571","YER091C"
"1572","YER092W"
"1573","YER093C"
"1574","YER093C-A"
"1575","YER094C"
"1576","YER095W"
"1577","YER096W"
"1578","YER098W"
"1579","YER098W"
"1580","YER099C"
"1581","YER100W"
"1582","YER101C"
"1583","YER102W"
"1584","YER103W"
"1585","YER104W"
"1586","YER105C"
"1587","YER107C"
"1588","YER107W-A"
"1589","YER109C"
"1590","YER110C"
"1591","YER111C"
"1592","YER112W"
"1593","YER113C"
"1594","YER114C"
"1595","YER115C"
"1596","YER116C"
"1597","YER117W"
"1598","YER118C"
"1599","YER119C"
"1600","YER120W"
"1601","YER121W"
"1602","YER122C"
"1603","YER123W"
"1604","YER124C"
"1605","YER125W"
"1606","YER126C"
"1607","YER127W"
"1608","YER128W"
"1609","YER129W"
"1610","YER130C"
"1611","YER131W"
"1612","YER132C"
"1613","YER133W"
"1614","YER133W-A"
"1615","YER134C"
"1616","YER135C"
"1617","YER136W"
"1618","YER137C"
"1619","YER138W-A"
"1620","YER139C"
"1621","YER140W"
"1622","YER141W"
"1623","YER142C"
"1624","YER143W"
"1625","YER144C"
"1626","YER145C"
"1627","YER146W"
"1628","YER147C"
"1629","YER147C-A"
"1630","YER148W"
"1631","YER149C"
"1632","YER150W"
"1633","YER151C"
"1634","YER152C"
"1635","YER153C"
"1636","YER154W"
"1637","YER155C"
"1638","YER156C"
"1639","YER157W"
"1640","YER158C"
"1641","YER158W-A"
"1642","YER159C"
"1643","YER161C"
"1644","YER162C"
"1645","YER163C"
"1646","YER164W"
"1647","YER165C-A"
"1648","YER165W"
"1649","YER166W"
"1650","YER167W"
"1651","YER168C"
"1652","YER169W"
"1653","YER170W"
"1654","YER171W"
"1655","YER172C"
"1656","YER173W"
"1657","YER174C"
"1658","YER175C"
"1659","YER175W-A"
"1660","YER176W"
"1661","YER177W"
"1662","YER178W"
"1663","YER179W"
"1664","YER180C"
"1665","YER180C-A"
"1666","YER182W"
"1667","YER183C"
"1668","YER184C"
"1669","YER185W"
"1670","YER186C"
"1671","YER187W"
"1672","YER188W"
"1673","YFL001W"
"1674","YFL002C"
"1675","YFL003C"
"1676","YFL004W"
"1677","YFL005W"
"1678","YFL007W"
"1679","YFL008W"
"1680","YFL009W"
"1681","YFL010C"
"1682","YFL010W-A"
"1683","YFL013C"
"1684","YFL014W"
"1685","YFL016C"
"1686","YFL017C"
"1687","YFL017W-A"
"1688","YFL018C"
"1689","YFL019C"
"1690","YFL020C"
"1691","YFL021W"
"1692","YFL022C"
"1693","YFL023W"
"1694","YFL024C"
"1695","YFL025C"
"1696","YFL026W"
"1697","YFL027C"
"1698","YFL028C"
"1699","YFL029C"
"1700","YFL030W"
"1701","YFL031C-A"
"1702","YFL031W"
"1703","YFL031W"
"1704","YFL033C"
"1705","YFL034C-A"
"1706","YFL034C-B"
"1707","YFL034W"
"1708","YFL036W"
"1709","YFL037W"
"1710","YFL038C"
"1711","YFL039C"
"1712","YFL040W"
"1713","YFL041W"
"1714","YFL041W-A"
"1715","YFL042C"
"1716","YFL044C"
"1717","YFL045C"
"1718","YFL046W"
"1719","YFL047W"
"1720","YFL048C"
"1721","YFL049W"
"1722","YFL050C"
"1723","YFL051C"
"1724","YFL052W"
"1725","YFL053W"
"1726","YFL054C"
"1727","YFL055W"
"1728","YFL056C"
"1729","YFL057C"
"1730","YFL059W"
"1731","YFL060C"
"1732","YFL061W"
"1733","YFL062W"
"1734","YFR001W"
"1735","YFR002W"
"1736","YFR003C"
"1737","YFR004W"
"1738","YFR005C"
"1739","YFR006W"
"1740","YFR007W"
"1741","YFR008W"
"1742","YFR009W"
"1743","YFR009W"
"1744","YFR010W"
"1745","YFR010W-A"
"1746","YFR011C"
"1747","YFR012W"
"1748","YFR013W"
"1749","YFR014C"
"1750","YFR015C"
"1751","YFR016C"
"1752","YFR017C"
"1753","YFR018C"
"1754","YFR019W"
"1755","YFR020W"
"1756","YFR021W"
"1757","YFR022W"
"1758","YFR023W"
"1759","YFR024C-A"
"1760","YFR025C"
"1761","YFR026C"
"1762","YFR027W"
"1763","YFR028C"
"1764","YFR029W"
"1765","YFR030W"
"1766","YFR031C"
"1767","YFR031C-A"
"1768","YFR033C"
"1769","YFR034C"
"1770","YFR035C"
"1771","YFR036W"
"1772","YFR037C"
"1773","YFR038W"
"1774","YFR039C"
"1775","YFR040W"
"1776","YFR041C"
"1777","YFR042W"
"1778","YFR043C"
"1779","YFR044C"
"1780","YFR045W"
"1781","YFR046C"
"1782","YFR047C"
"1783","YFR048W"
"1784","YFR049W"
"1785","YFR050C"
"1786","YFR051C"
"1787","YFR052W"
"1788","YFR053C"
"1789","YFR053C"
"1790","YFR055W"
"1791","YFR056C"
"1792","YGL001C"
"1793","YGL002W"
"1794","YGL003C"
"1795","YGL004C"
"1796","YGL005C"
"1797","YGL006W"
"1798","YGL007C-A"
"1799","YGL007W"
"1800","YGL008C"
"1801","YGL009C"
"1802","YGL010W"
"1803","YGL011C"
"1804","YGL012W"
"1805","YGL013C"
"1806","YGL014W"
"1807","YGL016W"
"1808","YGL017W"
"1809","YGL018C"
"1810","YGL019W"
"1811","YGL020C"
"1812","YGL021W"
"1813","YGL022W"
"1814","YGL023C"
"1815","YGL025C"
"1816","YGL026C"
"1817","YGL027C"
"1818","YGL028C"
"1819","YGL029W"
"1820","YGL030W"
"1821","YGL031C"
"1822","YGL032C"
"1823","YGL035C"
"1824","YGL036W"
"1825","YGL037C"
"1826","YGL038C"
"1827","YGL039W"
"1828","YGL040C"
"1829","YGL041W-A"
"1830","YGL042C"
"1831","YGL043W"
"1832","YGL044C"
"1833","YGL045W"
"1834","YGL047W"
"1835","YGL048C"
"1836","YGL049C"
"1837","YGL050W"
"1838","YGL053W"
"1839","YGL054C"
"1840","YGL055W"
"1841","YGL056C"
"1842","YGL057C"
"1843","YGL058W"
"1844","YGL059W"
"1845","YGL060W"
"1846","YGL061C"
"1847","YGL062W"
"1848","YGL063W"
"1849","YGL064C"
"1850","YGL065C"
"1851","YGL066W"
"1852","YGL067W"
"1853","YGL068W"
"1854","YGL070C"
"1855","YGL071W"
"1856","YGL073W"
"1857","YGL075C"
"1858","YGL076C"
"1859","YGL077C"
"1860","YGL078C"
"1861","YGL079W"
"1862","YGL080W"
"1863","YGL081W"
"1864","YGL082W"
"1865","YGL083W"
"1866","YGL084C"
"1867","YGL085W"
"1868","YGL086W"
"1869","YGL087C"
"1870","YGL089C"
"1871","YGL090W"
"1872","YGL091C"
"1873","YGL092W"
"1874","YGL093W"
"1875","YGL094C"
"1876","YGL095C"
"1877","YGL096W"
"1878","YGL097W"
"1879","YGL098W"
"1880","YGL099W"
"1881","YGL100W"
"1882","YGL101W"
"1883","YGL103W"
"1884","YGL104C"
"1885","YGL105W"
"1886","YGL106W"
"1887","YGL107C"
"1888","YGL108C"
"1889","YGL109W"
"1890","YGL110C"
"1891","YGL111W"
"1892","YGL112C"
"1893","YGL113W"
"1894","YGL114W"
"1895","YGL115W"
"1896","YGL116W"
"1897","YGL117W"
"1898","YGL119W"
"1899","YGL120C"
"1900","YGL121C"
"1901","YGL122C"
"1902","YGL123W"
"1903","YGL124C"
"1904","YGL125W"
"1905","YGL126W"
"1906","YGL127C"
"1907","YGL128C"
"1908","YGL129C"
"1909","YGL130W"
"1910","YGL131C"
"1911","YGL132W"
"1912","YGL133W"
"1913","YGL134W"
"1914","YGL135W"
"1915","YGL136C"
"1916","YGL137W"
"1917","YGL139W"
"1918","YGL140C"
"1919","YGL141W"
"1920","YGL142C"
"1921","YGL143C"
"1922","YGL144C"
"1923","YGL145W"
"1924","YGL146C"
"1925","YGL147C"
"1926","YGL148W"
"1927","YGL150C"
"1928","YGL151W"
"1929","YGL153W"
"1930","YGL154C"
"1931","YGL155W"
"1932","YGL156W"
"1933","YGL157W"
"1934","YGL159W"
"1935","YGL160W"
"1936","YGL161C"
"1937","YGL162W"
"1938","YGL163C"
"1939","YGL164C"
"1940","YGL165C"
"1941","YGL166W"
"1942","YGL167C"
"1943","YGL168W"
"1944","YGL169W"
"1945","YGL170C"
"1946","YGL171W"
"1947","YGL172W"
"1948","YGL173C"
"1949","YGL174W"
"1950","YGL175C"
"1951","YGL176C"
"1952","YGL178W"
"1953","YGL179C"
"1954","YGL180W"
"1955","YGL181W"
"1956","YGL183C"
"1957","YGL183C"
"1958","YGL184C"
"1959","YGL185C"
"1960","YGL186C"
"1961","YGL187C"
"1962","YGL188C"
"1963","YGL189C"
"1964","YGL189C"
"1965","YGL190C"
"1966","YGL191W"
"1967","YGL192W"
"1968","YGL193C"
"1969","YGL194C"
"1970","YGL194C-A"
"1971","YGL195W"
"1972","YGL196W"
"1973","YGL197W"
"1974","YGL198W"
"1975","YGL200C"
"1976","YGL201C"
"1977","YGL202W"
"1978","YGL203C"
"1979","YGL204C"
"1980","YGL205W"
"1981","YGL206C"
"1982","YGL207W"
"1983","YGL208W"
"1984","YGL209W"
"1985","YGL210W"
"1986","YGL211W"
"1987","YGL212W"
"1988","YGL213C"
"1989","YGL215W"
"1990","YGL216W"
"1991","YGL219C"
"1992","YGL220W"
"1993","YGL221C"
"1994","YGL222C"
"1995","YGL223C"
"1996","YGL224C"
"1997","YGL225W"
"1998","YGL226C-A"
"1999","YGL226W"
"2000","YGL227W"
"2001","YGL228W"
"2002","YGL229C"
"2003","YGL230C"
"2004","YGL231C"
"2005","YGL232W"
"2006","YGL233W"
"2007","YGL234W"
"2008","YGL236C"
"2009","YGL237C"
"2010","YGL238W"
"2011","YGL240W"
"2012","YGL241W"
"2013","YGL242C"
"2014","YGL243W"
"2015","YGL244W"
"2016","YGL245W"
"2017","YGL246C"
"2018","YGL247W"
"2019","YGL248W"
"2020","YGL249W"
"2021","YGL250W"
"2022","YGL251C"
"2023","YGL252C"
"2024","YGL253W"
"2025","YGL254W"
"2026","YGL255W"
"2027","YGL256W"
"2028","YGL257C"
"2029","YGL258W-A"
"2030","YGL259W"
"2031","YGL262W"
"2032","YGL263W"
"2033","YGR001C"
"2034","YGR002C"
"2035","YGR003W"
"2036","YGR004W"
"2037","YGR005C"
"2038","YGR006W"
"2039","YGR007W"
"2040","YGR008C"
"2041","YGR009C"
"2042","YGR010W"
"2043","YGR010W"
"2044","YGR012W"
"2045","YGR013W"
"2046","YGR014W"
"2047","YGR015C"
"2048","YGR016W"
"2049","YGR017W"
"2050","YGR018C"
"2051","YGR019W"
"2052","YGR020C"
"2053","YGR021W"
"2054","YGR023W"
"2055","YGR024C"
"2056","YGR026W"
"2057","YGR027C"
"2058","YGR028W"
"2059","YGR029W"
"2060","YGR030C"
"2061","YGR031W"
"2062","YGR032W"
"2063","YGR033C"
"2064","YGR034W"
"2065","YGR035C"
"2066","YGR035W-A"
"2067","YGR036C"
"2068","YGR037C"
"2069","YGR038W"
"2070","YGR039W"
"2071","YGR040W"
"2072","YGR041W"
"2073","YGR042W"
"2074","YGR043C"
"2075","YGR044C"
"2076","YGR045C"
"2077","YGR046W"
"2078","YGR047C"
"2079","YGR048W"
"2080","YGR049W"
"2081","YGR050C"
"2082","YGR051C"
"2083","YGR052W"
"2084","YGR053C"
"2085","YGR054W"
"2086","YGR055W"
"2087","YGR056W"
"2088","YGR057C"
"2089","YGR058W"
"2090","YGR059W"
"2091","YGR060W"
"2092","YGR061C"
"2093","YGR062C"
"2094","YGR063C"
"2095","YGR065C"
"2096","YGR066C"
"2097","YGR067C"
"2098","YGR068C"
"2099","YGR069W"
"2100","YGR070W"
"2101","YGR071C"
"2102","YGR072W"
"2103","YGR074W"
"2104","YGR075C"
"2105","YGR076C"
"2106","YGR077C"
"2107","YGR078C"
"2108","YGR079W"
"2109","YGR080W"
"2110","YGR081C"
"2111","YGR082W"
"2112","YGR083C"
"2113","YGR084C"
"2114","YGR085C"
"2115","YGR086C"
"2116","YGR087C"
"2117","YGR088W"
"2118","YGR089W"
"2119","YGR090W"
"2120","YGR091W"
"2121","YGR092W"
"2122","YGR093W"
"2123","YGR094W"
"2124","YGR095C"
"2125","YGR096W"
"2126","YGR097W"
"2127","YGR098C"
"2128","YGR099W"
"2129","YGR100W"
"2130","YGR101W"
"2131","YGR102C"
"2132","YGR103W"
"2133","YGR104C"
"2134","YGR105W"
"2135","YGR106C"
"2136","YGR108W"
"2137","YGR109C"
"2138","YGR109W-B"
"2139","YGR109W-B"
"2140","YGR110W"
"2141","YGR111W"
"2142","YGR112W"
"2143","YGR113W"
"2144","YGR116W"
"2145","YGR117C"
"2146","YGR118W"
"2147","YGR119C"
"2148","YGR120C"
"2149","YGR121C"
"2150","YGR122W"
"2151","YGR123C"
"2152","YGR124W"
"2153","YGR125W"
"2154","YGR126W"
"2155","YGR127W"
"2156","YGR128C"
"2157","YGR129W"
"2158","YGR130C"
"2159","YGR131W"
"2160","YGR132C"
"2161","YGR133W"
"2162","YGR134W"
"2163","YGR135W"
"2164","YGR136W"
"2165","YGR136W"
"2166","YGR138C"
"2167","YGR140W"
"2168","YGR141W"
"2169","YGR142W"
"2170","YGR143W"
"2171","YGR144W"
"2172","YGR145W"
"2173","YGR146C"
"2174","YGR146C-A"
"2175","YGR147C"
"2176","YGR148C"
"2177","YGR149W"
"2178","YGR150C"
"2179","YGR152C"
"2180","YGR152C"
"2181","YGR153W"
"2182","YGR154C"
"2183","YGR155W"
"2184","YGR156W"
"2185","YGR157W"
"2186","YGR158C"
"2187","YGR159C"
"2188","YGR161C"
"2189","YGR161W-C"
"2190","YGR162W"
"2191","YGR163W"
"2192","YGR165W"
"2193","YGR166W"
"2194","YGR167W"
"2195","YGR168C"
"2196","YGR169C"
"2197","YGR169C-A"
"2198","YGR170W"
"2199","YGR171C"
"2200","YGR172C"
"2201","YGR173W"
"2202","YGR174C"
"2203","YGR174W-A"
"2204","YGR175C"
"2205","YGR177C"
"2206","YGR178C"
"2207","YGR179C"
"2208","YGR180C"
"2209","YGR181W"
"2210","YGR182C"
"2211","YGR183C"
"2212","YGR184C"
"2213","YGR185C"
"2214","YGR186W"
"2215","YGR187C"
"2216","YGR188C"
"2217","YGR189C"
"2218","YGR190C"
"2219","YGR191W"
"2220","YGR192C"
"2221","YGR193C"
"2222","YGR194C"
"2223","YGR195W"
"2224","YGR196C"
"2225","YGR197C"
"2226","YGR198W"
"2227","YGR199W"
"2228","YGR200C"
"2229","YGR201C"
"2230","YGR202C"
"2231","YGR203W"
"2232","YGR204W"
"2233","YGR205W"
"2234","YGR206W"
"2235","YGR207C"
"2236","YGR208W"
"2237","YGR209C"
"2238","YGR210C"
"2239","YGR211W"
"2240","YGR212W"
"2241","YGR213C"
"2242","YGR214W"
"2243","YGR215W"
"2244","YGR216C"
"2245","YGR217W"
"2246","YGR218W"
"2247","YGR220C"
"2248","YGR221C"
"2249","YGR222W"
"2250","YGR223C"
"2251","YGR224W"
"2252","YGR225W"
"2253","YGR227W"
"2254","YGR229C"
"2255","YGR230W"
"2256","YGR231C"
"2257","YGR232W"
"2258","YGR233C"
"2259","YGR234W"
"2260","YGR235C"
"2261","YGR236C"
"2262","YGR237C"
"2263","YGR238C"
"2264","YGR239C"
"2265","YGR240C"
"2266","YGR240C-A"
"2267","YGR241C"
"2268","YGR243W"
"2269","YGR244C"
"2270","YGR245C"
"2271","YGR246C"
"2272","YGR247W"
"2273","YGR248W"
"2274","YGR249W"
"2275","YGR250C"
"2276","YGR251W"
"2277","YGR252W"
"2278","YGR253C"
"2279","YGR254W"
"2280","YGR255C"
"2281","YGR256W"
"2282","YGR257C"
"2283","YGR258C"
"2284","YGR260W"
"2285","YGR261C"
"2286","YGR262C"
"2287","YGR263C"
"2288","YGR264C"
"2289","YGR266W"
"2290","YGR267C"
"2291","YGR268C"
"2292","YGR270W"
"2293","YGR271C-A"
"2294","YGR271W"
"2295","YGR274C"
"2296","YGR275W"
"2297","YGR276C"
"2298","YGR277C"
"2299","YGR278W"
"2300","YGR279C"
"2301","YGR280C"
"2302","YGR281W"
"2303","YGR282C"
"2304","YGR283C"
"2305","YGR284C"
"2306","YGR285C"
"2307","YGR286C"
"2308","YGR287C"
"2309","YGR288W"
"2310","YGR289C"
"2311","YGR292W"
"2312","YGR295C"
"2313","YHL001W"
"2314","YHL002W"
"2315","YHL003C"
"2316","YHL004W"
"2317","YHL006C"
"2318","YHL006W-A"
"2319","YHL007C"
"2320","YHL008C"
"2321","YHL009C"
"2322","YHL010C"
"2323","YHL011C"
"2324","YHL012W"
"2325","YHL013C"
"2326","YHL014C"
"2327","YHL015W"
"2328","YHL015W-A"
"2329","YHL016C"
"2330","YHL017W"
"2331","YHL018W"
"2332","YHL019C"
"2333","YHL020C"
"2334","YHL021C"
"2335","YHL022C"
"2336","YHL023C"
"2337","YHL024W"
"2338","YHL025W"
"2339","YHL026C"
"2340","YHL027W"
"2341","YHL028W"
"2342","YHL029C"
"2343","YHL030W"
"2344","YHL031C"
"2345","YHL032C"
"2346","YHL033C"
"2347","YHL034C"
"2348","YHL035C"
"2349","YHL036W"
"2350","YHL038C"
"2351","YHL039W"
"2352","YHL040C"
"2353","YHL042W"
"2354","YHL043W"
"2355","YHL044W"
"2356","YHL047C"
"2357","YHL048W"
"2358","YHL050C"
"2359","YHR001W"
"2360","YHR001W-A"
"2361","YHR002W"
"2362","YHR003C"
"2363","YHR004C"
"2364","YHR005C"
"2365","YHR005C-A"
"2366","YHR006W"
"2367","YHR007C"
"2368","YHR007C-A"
"2369","YHR008C"
"2370","YHR009C"
"2371","YHR010W"
"2372","YHR011W"
"2373","YHR012W"
"2374","YHR013C"
"2375","YHR014W"
"2376","YHR015W"
"2377","YHR016C"
"2378","YHR017W"
"2379","YHR018C"
"2380","YHR019C"
"2381","YHR020W"
"2382","YHR021C"
"2383","YHR021W-A"
"2384","YHR022C"
"2385","YHR023W"
"2386","YHR024C"
"2387","YHR025W"
"2388","YHR026W"
"2389","YHR027C"
"2390","YHR028C"
"2391","YHR029C"
"2392","YHR030C"
"2393","YHR031C"
"2394","YHR032W"
"2395","YHR032W-A"
"2396","YHR033W"
"2397","YHR034C"
"2398","YHR035W"
"2399","YHR036W"
"2400","YHR037W"
"2401","YHR038W"
"2402","YHR039C"
"2403","YHR039C-A"
"2404","YHR040W"
"2405","YHR041C"
"2406","YHR042W"
"2407","YHR043C"
"2408","YHR044C"
"2409","YHR045W"
"2410","YHR046C"
"2411","YHR047C"
"2412","YHR048W"
"2413","YHR049C-A"
"2414","YHR049W"
"2415","YHR050W"
"2416","YHR050W-A"
"2417","YHR051W"
"2418","YHR052W"
"2419","YHR056C"
"2420","YHR057C"
"2421","YHR058C"
"2422","YHR059W"
"2423","YHR060W"
"2424","YHR061C"
"2425","YHR062C"
"2426","YHR063C"
"2427","YHR063W-A"
"2428","YHR064C"
"2429","YHR065C"
"2430","YHR066W"
"2431","YHR067W"
"2432","YHR068W"
"2433","YHR069C"
"2434","YHR070C-A"
"2435","YHR070W"
"2436","YHR071W"
"2437","YHR072W"
"2438","YHR072W-A"
"2439","YHR073W"
"2440","YHR073W"
"2441","YHR074W"
"2442","YHR075C"
"2443","YHR076W"
"2444","YHR077C"
"2445","YHR078W"
"2446","YHR079C"
"2447","YHR080C"
"2448","YHR081W"
"2449","YHR082C"
"2450","YHR083W"
"2451","YHR084W"
"2452","YHR085W"
"2453","YHR086W"
"2454","YHR087W"
"2455","YHR088W"
"2456","YHR089C"
"2457","YHR090C"
"2458","YHR091C"
"2459","YHR092C"
"2460","YHR093W"
"2461","YHR094C"
"2462","YHR096C"
"2463","YHR097C"
"2464","YHR098C"
"2465","YHR099W"
"2466","YHR100C"
"2467","YHR101C"
"2468","YHR102W"
"2469","YHR103W"
"2470","YHR104W"
"2471","YHR105W"
"2472","YHR106W"
"2473","YHR107C"
"2474","YHR108W"
"2475","YHR109W"
"2476","YHR110W"
"2477","YHR111W"
"2478","YHR112C"
"2479","YHR113W"
"2480","YHR114W"
"2481","YHR115C"
"2482","YHR116W"
"2483","YHR117W"
"2484","YHR118C"
"2485","YHR119W"
"2486","YHR120W"
"2487","YHR121W"
"2488","YHR122W"
"2489","YHR123W"
"2490","YHR124W"
"2491","YHR127W"
"2492","YHR128W"
"2493","YHR129C"
"2494","YHR130C"
"2495","YHR131C"
"2496","YHR132C"
"2497","YHR132W-A"
"2498","YHR133C"
"2499","YHR134W"
"2500","YHR135C"
"2501","YHR136C"
"2502","YHR137W"
"2503","YHR138C"
"2504","YHR139C"
"2505","YHR139C-A"
"2506","YHR140W"
"2507","YHR141C"
"2508","YHR142W"
"2509","YHR143W"
"2510","YHR143W-A"
"2511","YHR144C"
"2512","YHR146W"
"2513","YHR147C"
"2514","YHR148W"
"2515","YHR149C"
"2516","YHR150W"
"2517","YHR151C"
"2518","YHR152W"
"2519","YHR153C"
"2520","YHR154W"
"2521","YHR155W"
"2522","YHR156C"
"2523","YHR157W"
"2524","YHR158C"
"2525","YHR159W"
"2526","YHR160C"
"2527","YHR161C"
"2528","YHR162W"
"2529","YHR163W"
"2530","YHR164C"
"2531","YHR165C"
"2532","YHR166C"
"2533","YHR167W"
"2534","YHR168W"
"2535","YHR169W"
"2536","YHR170W"
"2537","YHR171W"
"2538","YHR172W"
"2539","YHR173C"
"2540","YHR174W"
"2541","YHR175W"
"2542","YHR175W-A"
"2543","YHR176W"
"2544","YHR177W"
"2545","YHR178W"
"2546","YHR179W"
"2547","YHR180W"
"2548","YHR181W"
"2549","YHR182W"
"2550","YHR183W"
"2551","YHR184W"
"2552","YHR186C"
"2553","YHR187W"
"2554","YHR188C"
"2555","YHR189W"
"2556","YHR190W"
"2557","YHR191C"
"2558","YHR192W"
"2559","YHR193C"
"2560","YHR194W"
"2561","YHR195W"
"2562","YHR196W"
"2563","YHR197W"
"2564","YHR198C"
"2565","YHR199C"
"2566","YHR199C-A"
"2567","YHR200W"
"2568","YHR201C"
"2569","YHR202W"
"2570","YHR203C"
"2571","YHR204W"
"2572","YHR205W"
"2573","YHR206W"
"2574","YHR207C"
"2575","YHR208W"
"2576","YHR209W"
"2577","YHR210C"
"2578","YHR211W"
"2579","YHR215W"
"2580","YHR216W"
"2581","YIL001W"
"2582","YIL002C"
"2583","YIL002W-A"
"2584","YIL003W"
"2585","YIL004C"
"2586","YIL005W"
"2587","YIL006W"
"2588","YIL007C"
"2589","YIL008W"
"2590","YIL009C-A"
"2591","YIL009W"
"2592","YIL010W"
"2593","YIL011W"
"2594","YIL013C"
"2595","YIL014C-A"
"2596","YIL014W"
"2597","YIL015W"
"2598","YIL016W"
"2599","YIL017C"
"2600","YIL018W"
"2601","YIL019W"
"2602","YIL020C"
"2603","YIL020C"
"2604","YIL021W"
"2605","YIL022W"
"2606","YIL023C"
"2607","YIL024C"
"2608","YIL026C"
"2609","YIL027C"
"2610","YIL028W"
"2611","YIL029C"
"2612","YIL030C"
"2613","YIL031W"
"2614","YIL031W"
"2615","YIL033C"
"2616","YIL034C"
"2617","YIL035C"
"2618","YIL036W"
"2619","YIL037C"
"2620","YIL038C"
"2621","YIL039W"
"2622","YIL040W"
"2623","YIL041W"
"2624","YIL042C"
"2625","YIL043C"
"2626","YIL044C"
"2627","YIL045W"
"2628","YIL046W"
"2629","YIL047C"
"2630","YIL047C"
"2631","YIL048W"
"2632","YIL049W"
"2633","YIL050W"
"2634","YIL051C"
"2635","YIL052C"
"2636","YIL053W"
"2637","YIL055C"
"2638","YIL056W"
"2639","YIL057C"
"2640","YIL058W"
"2641","YIL061C"
"2642","YIL062C"
"2643","YIL063C"
"2644","YIL064W"
"2645","YIL065C"
"2646","YIL066C"
"2647","YIL067C"
"2648","YIL068C"
"2649","YIL069C"
"2650","YIL070C"
"2651","YIL071C"
"2652","YIL071W-A"
"2653","YIL072W"
"2654","YIL073C"
"2655","YIL074C"
"2656","YIL075C"
"2657","YIL076W"
"2658","YIL077C"
"2659","YIL078W"
"2660","YIL079C"
"2661","YIL083C"
"2662","YIL084C"
"2663","YIL085C"
"2664","YIL086C"
"2665","YIL087C"
"2666","YIL088C"
"2667","YIL089W"
"2668","YIL090W"
"2669","YIL091C"
"2670","YIL092W"
"2671","YIL093C"
"2672","YIL094C"
"2673","YIL095W"
"2674","YIL096C"
"2675","YIL097W"
"2676","YIL098C"
"2677","YIL099W"
"2678","YIL101C"
"2679","YIL102C"
"2680","YIL102C-A"
"2681","YIL103W"
"2682","YIL104C"
"2683","YIL105C"
"2684","YIL106W"
"2685","YIL107C"
"2686","YIL108W"
"2687","YIL109C"
"2688","YIL110W"
"2689","YIL111W"
"2690","YIL112W"
"2691","YIL113W"
"2692","YIL114C"
"2693","YIL115C"
"2694","YIL116W"
"2695","YIL117C"
"2696","YIL118W"
"2697","YIL119C"
"2698","YIL120W"
"2699","YIL121W"
"2700","YIL122W"
"2701","YIL123W"
"2702","YIL124W"
"2703","YIL125W"
"2704","YIL126W"
"2705","YIL127C"
"2706","YIL128W"
"2707","YIL129C"
"2708","YIL130W"
"2709","YIL131C"
"2710","YIL132C"
"2711","YIL133C"
"2712","YIL134W"
"2713","YIL135C"
"2714","YIL136W"
"2715","YIL137C"
"2716","YIL138C"
"2717","YIL139C"
"2718","YIL140W"
"2719","YIL140W"
"2720","YIL142W"
"2721","YIL143C"
"2722","YIL144W"
"2723","YIL145C"
"2724","YIL146C"
"2725","YIL147C"
"2726","YIL148W"
"2727","YIL149C"
"2728","YIL150C"
"2729","YIL151C"
"2730","YIL152W"
"2731","YIL153W"
"2732","YIL154C"
"2733","YIL155C"
"2734","YIL156W"
"2735","YIL157C"
"2736","YIL158W"
"2737","YIL159W"
"2738","YIL160C"
"2739","YIL161W"
"2740","YIL162W"
"2741","YIL163C"
"2742","YIL164C"
"2743","YIL165C"
"2744","YIL166C"
"2745","YIL167W"
"2746","YIL168W"
"2747","YIL169C"
"2748","YIL170W"
"2749","YIR001C"
"2750","YIR002C"
"2751","YIR003W"
"2752","YIR004W"
"2753","YIR005W"
"2754","YIR006C"
"2755","YIR007W"
"2756","YIR008C"
"2757","YIR009W"
"2758","YIR010W"
"2759","YIR011C"
"2760","YIR012W"
"2761","YIR014W"
"2762","YIR015W"
"2763","YIR016W"
"2764","YIR018C-A"
"2765","YIR018W"
"2766","YIR019C"
"2767","YIR021W"
"2768","YIR022W"
"2769","YIR023W"
"2770","YIR024C"
"2771","YIR025W"
"2772","YIR026C"
"2773","YIR027C"
"2774","YIR028W"
"2775","YIR029W"
"2776","YIR030C"
"2777","YIR031C"
"2778","YIR032C"
"2779","YIR033W"
"2780","YIR034C"
"2781","YIR035C"
"2782","YIR036C"
"2783","YIR037W"
"2784","YIR038C"
"2785","YIR039C"
"2786","YIR042C"
"2787","YIR043C"
"2788","YJL001W"
"2789","YJL002C"
"2790","YJL003W"
"2791","YJL004C"
"2792","YJL005W"
"2793","YJL006C"
"2794","YJL008C"
"2795","YJL009W"
"2796","YJL010C"
"2797","YJL011C"
"2798","YJL012C"
"2799","YJL013C"
"2800","YJL014W"
"2801","YJL016W"
"2802","YJL019W"
"2803","YJL020C"
"2804","YJL023C"
"2805","YJL024C"
"2806","YJL025W"
"2807","YJL026W"
"2808","YJL029C"
"2809","YJL030W"
"2810","YJL031C"
"2811","YJL033W"
"2812","YJL034W"
"2813","YJL035C"
"2814","YJL036W"
"2815","YJL037W"
"2816","YJL038C"
"2817","YJL039C"
"2818","YJL041W"
"2819","YJL042W"
"2820","YJL043W"
"2821","YJL044C"
"2822","YJL045W"
"2823","YJL046W"
"2824","YJL047C"
"2825","YJL048C"
"2826","YJL049W"
"2827","YJL050W"
"2828","YJL051W"
"2829","YJL052W"
"2830","YJL053W"
"2831","YJL054W"
"2832","YJL055W"
"2833","YJL056C"
"2834","YJL057C"
"2835","YJL058C"
"2836","YJL059W"
"2837","YJL060W"
"2838","YJL061W"
"2839","YJL062W"
"2840","YJL062W-A"
"2841","YJL063C"
"2842","YJL065C"
"2843","YJL066C"
"2844","YJL067W"
"2845","YJL068C"
"2846","YJL069C"
"2847","YJL070C"
"2848","YJL071W"
"2849","YJL072C"
"2850","YJL073W"
"2851","YJL074C"
"2852","YJL076W"
"2853","YJL077C"
"2854","YJL077W-B"
"2855","YJL078C"
"2856","YJL079C"
"2857","YJL080C"
"2858","YJL081C"
"2859","YJL082W"
"2860","YJL083W"
"2861","YJL084C"
"2862","YJL085W"
"2863","YJL087C"
"2864","YJL087C"
"2865","YJL088W"
"2866","YJL089W"
"2867","YJL090C"
"2868","YJL091C"
"2869","YJL092W"
"2870","YJL093C"
"2871","YJL094C"
"2872","YJL095W"
"2873","YJL096W"
"2874","YJL097W"
"2875","YJL098W"
"2876","YJL099W"
"2877","YJL100W"
"2878","YJL101C"
"2879","YJL102W"
"2880","YJL103C"
"2881","YJL104W"
"2882","YJL105W"
"2883","YJL106W"
"2884","YJL107C"
"2885","YJL107C"
"2886","YJL109C"
"2887","YJL110C"
"2888","YJL111W"
"2889","YJL112W"
"2890","YJL113W"
"2891","YJL113W"
"2892","YJL115W"
"2893","YJL116C"
"2894","YJL117W"
"2895","YJL118W"
"2896","YJL121C"
"2897","YJL122W"
"2898","YJL123C"
"2899","YJL124C"
"2900","YJL125C"
"2901","YJL126W"
"2902","YJL127C"
"2903","YJL127C-B"
"2904","YJL127W-A"
"2905","YJL128C"
"2906","YJL129C"
"2907","YJL130C"
"2908","YJL131C"
"2909","YJL132W"
"2910","YJL133C-A"
"2911","YJL133W"
"2912","YJL134W"
"2913","YJL134W"
"2914","YJL136C"
"2915","YJL137C"
"2916","YJL138C"
"2917","YJL139C"
"2918","YJL140W"
"2919","YJL141C"
"2920","YJL141C"
"2921","YJL143W"
"2922","YJL144W"
"2923","YJL145W"
"2924","YJL146W"
"2925","YJL147C"
"2926","YJL148W"
"2927","YJL149W"
"2928","YJL149W"
"2929","YJL151C"
"2930","YJL152W"
"2931","YJL153C"
"2932","YJL154C"
"2933","YJL155C"
"2934","YJL156C"
"2935","YJL156W-A"
"2936","YJL157C"
"2937","YJL158C"
"2938","YJL159W"
"2939","YJL160C"
"2940","YJL161W"
"2941","YJL162C"
"2942","YJL163C"
"2943","YJL164C"
"2944","YJL165C"
"2945","YJL166W"
"2946","YJL167W"
"2947","YJL168C"
"2948","YJL170C"
"2949","YJL171C"
"2950","YJL172W"
"2951","YJL173C"
"2952","YJL174W"
"2953","YJL176C"
"2954","YJL177W"
"2955","YJL178C"
"2956","YJL179W"
"2957","YJL180C"
"2958","YJL181W"
"2959","YJL183W"
"2960","YJL184W"
"2961","YJL185C"
"2962","YJL186W"
"2963","YJL187C"
"2964","YJL188C"
"2965","YJL190C"
"2966","YJL191W"
"2967","YJL192C"
"2968","YJL193W"
"2969","YJL194W"
"2970","YJL196C"
"2971","YJL197W"
"2972","YJL198W"
"2973","YJL199C"
"2974","YJL200C"
"2975","YJL201W"
"2976","YJL203W"
"2977","YJL204C"
"2978","YJL205C"
"2979","YJL206C"
"2980","YJL207C"
"2981","YJL208C"
"2982","YJL209W"
"2983","YJL210W"
"2984","YJL211C"
"2985","YJL212C"
"2986","YJL213W"
"2987","YJL214W"
"2988","YJL216C"
"2989","YJL217W"
"2990","YJL218W"
"2991","YJL222W"
"2992","YJR001W"
"2993","YJR002W"
"2994","YJR003C"
"2995","YJR004C"
"2996","YJR005W"
"2997","YJR006W"
"2998","YJR007W"
"2999","YJR008W"
"3000","YJR009C"
"3001","YJR010C-A"
"3002","YJR010W"
"3003","YJR011C"
"3004","YJR012C"
"3005","YJR013W"
"3006","YJR014W"
"3007","YJR015W"
"3008","YJR016C"
"3009","YJR017C"
"3010","YJR019C"
"3011","YJR021C"
"3012","YJR024C"
"3013","YJR025C"
"3014","YJR030C"
"3015","YJR031C"
"3016","YJR032W"
"3017","YJR033C"
"3018","YJR034W"
"3019","YJR035W"
"3020","YJR036C"
"3021","YJR038C"
"3022","YJR039W"
"3023","YJR040W"
"3024","YJR041C"
"3025","YJR042W"
"3026","YJR043C"
"3027","YJR044C"
"3028","YJR045C"
"3029","YJR046W"
"3030","YJR047C"
"3031","YJR048W"
"3032","YJR049C"
"3033","YJR050W"
"3034","YJR051W"
"3035","YJR052W"
"3036","YJR053W"
"3037","YJR054W"
"3038","YJR055W"
"3039","YJR056C"
"3040","YJR057W"
"3041","YJR058C"
"3042","YJR059W"
"3043","YJR060W"
"3044","YJR061W"
"3045","YJR062C"
"3046","YJR063W"
"3047","YJR064W"
"3048","YJR065C"
"3049","YJR066W"
"3050","YJR067C"
"3051","YJR068W"
"3052","YJR069C"
"3053","YJR070C"
"3054","YJR072C"
"3055","YJR073C"
"3056","YJR074W"
"3057","YJR075W"
"3058","YJR076C"
"3059","YJR077C"
"3060","YJR078W"
"3061","YJR078W"
"3062","YJR080C"
"3063","YJR082C"
"3064","YJR083C"
"3065","YJR084W"
"3066","YJR085C"
"3067","YJR088C"
"3068","YJR089W"
"3069","YJR090C"
"3070","YJR091C"
"3071","YJR092W"
"3072","YJR093C"
"3073","YJR094C"
"3074","YJR094W-A"
"3075","YJR095W"
"3076","YJR096W"
"3077","YJR097W"
"3078","YJR098C"
"3079","YJR099W"
"3080","YJR100C"
"3081","YJR101W"
"3082","YJR102C"
"3083","YJR103W"
"3084","YJR104C"
"3085","YJR105W"
"3086","YJR106W"
"3087","YJR107W"
"3088","YJR108W"
"3089","YJR109C"
"3090","YJR110W"
"3091","YJR111C"
"3092","YJR112W"
"3093","YJR112W-A"
"3094","YJR113C"
"3095","YJR115W"
"3096","YJR116W"
"3097","YJR117W"
"3098","YJR118C"
"3099","YJR119C"
"3100","YJR120W"
"3101","YJR121W"
"3102","YJR122W"
"3103","YJR123W"
"3104","YJR124C"
"3105","YJR125C"
"3106","YJR126C"
"3107","YJR127C"
"3108","YJR129C"
"3109","YJR130C"
"3110","YJR131W"
"3111","YJR132W"
"3112","YJR133W"
"3113","YJR134C"
"3114","YJR135C"
"3115","YJR135W-A"
"3116","YJR136C"
"3117","YJR137C"
"3118","YJR138W"
"3119","YJR139C"
"3120","YJR140C"
"3121","YJR141W"
"3122","YJR142W"
"3123","YJR143C"
"3124","YJR144W"
"3125","YJR145C"
"3126","YJR147W"
"3127","YJR147W"
"3128","YJR148W"
"3129","YJR149W"
"3130","YJR151C"
"3131","YJR152W"
"3132","YJR153W"
"3133","YJR154W"
"3134","YJR155W"
"3135","YJR156C"
"3136","YJR161C"
"3137","YKL001C"
"3138","YKL002W"
"3139","YKL003C"
"3140","YKL004W"
"3141","YKL005C"
"3142","YKL006C-A"
"3143","YKL006W"
"3144","YKL007W"
"3145","YKL008C"
"3146","YKL009W"
"3147","YKL010C"
"3148","YKL011C"
"3149","YKL012W"
"3150","YKL013C"
"3151","YKL014C"
"3152","YKL015W"
"3153","YKL016C"
"3154","YKL017C"
"3155","YKL018C-A"
"3156","YKL018W"
"3157","YKL019W"
"3158","YKL020C"
"3159","YKL021C"
"3160","YKL022C"
"3161","YKL023C-A"
"3162","YKL023W"
"3163","YKL024C"
"3164","YKL025C"
"3165","YKL026C"
"3166","YKL027W"
"3167","YKL028W"
"3168","YKL029C"
"3169","YKL031W"
"3170","YKL032C"
"3171","YKL033W"
"3172","YKL033W-A"
"3173","YKL034W"
"3174","YKL035W"
"3175","YKL037W"
"3176","YKL038W"
"3177","YKL039W"
"3178","YKL040C"
"3179","YKL041W"
"3180","YKL042W"
"3181","YKL043W"
"3182","YKL044W"
"3183","YKL045W"
"3184","YKL046C"
"3185","YKL047W"
"3186","YKL048C"
"3187","YKL049C"
"3188","YKL050C"
"3189","YKL051W"
"3190","YKL052C"
"3191","YKL053C-A"
"3192","YKL054C"
"3193","YKL055C"
"3194","YKL056C"
"3195","YKL057C"
"3196","YKL058W"
"3197","YKL059C"
"3198","YKL060C"
"3199","YKL061W"
"3200","YKL062W"
"3201","YKL063C"
"3202","YKL064W"
"3203","YKL065C"
"3204","YKL065W-A"
"3205","YKL066W"
"3206","YKL067W"
"3207","YKL068W"
"3208","YKL068W-A"
"3209","YKL069W"
"3210","YKL070W"
"3211","YKL071W"
"3212","YKL072W"
"3213","YKL073W"
"3214","YKL074C"
"3215","YKL075C"
"3216","YKL075C"
"3217","YKL077W"
"3218","YKL078W"
"3219","YKL079W"
"3220","YKL080W"
"3221","YKL081W"
"3222","YKL082C"
"3223","YKL084W"
"3224","YKL085W"
"3225","YKL086W"
"3226","YKL087C"
"3227","YKL088W"
"3228","YKL089W"
"3229","YKL090W"
"3230","YKL091C"
"3231","YKL092C"
"3232","YKL093W"
"3233","YKL094W"
"3234","YKL095W"
"3235","YKL096W"
"3236","YKL096W-A"
"3237","YKL098W"
"3238","YKL099C"
"3239","YKL100C"
"3240","YKL101W"
"3241","YKL103C"
"3242","YKL104C"
"3243","YKL105C"
"3244","YKL106W"
"3245","YKL107W"
"3246","YKL108W"
"3247","YKL109W"
"3248","YKL110C"
"3249","YKL112W"
"3250","YKL113C"
"3251","YKL114C"
"3252","YKL116C"
"3253","YKL116C"
"3254","YKL117W"
"3255","YKL119C"
"3256","YKL120W"
"3257","YKL121W"
"3258","YKL122C"
"3259","YKL124W"
"3260","YKL124W"
"3261","YKL125W"
"3262","YKL126W"
"3263","YKL127W"
"3264","YKL128C"
"3265","YKL129C"
"3266","YKL130C"
"3267","YKL132C"
"3268","YKL133C"
"3269","YKL134C"
"3270","YKL135C"
"3271","YKL136W"
"3272","YKL137W"
"3273","YKL138C"
"3274","YKL138C-A"
"3275","YKL139W"
"3276","YKL140W"
"3277","YKL141W"
"3278","YKL142W"
"3279","YKL143W"
"3280","YKL144C"
"3281","YKL145W"
"3282","YKL145W"
"3283","YKL146W"
"3284","YKL148C"
"3285","YKL149C"
"3286","YKL150W"
"3287","YKL151C"
"3288","YKL152C"
"3289","YKL153W"
"3290","YKL154W"
"3291","YKL155C"
"3292","YKL156W"
"3293","YKL157W"
"3294","YKL159C"
"3295","YKL160W"
"3296","YKL161C"
"3297","YKL162C"
"3298","YKL163W"
"3299","YKL164C"
"3300","YKL165C"
"3301","YKL166C"
"3302","YKL167C"
"3303","YKL168C"
"3304","YKL169C"
"3305","YKL171W"
"3306","YKL172W"
"3307","YKL173W"
"3308","YKL174C"
"3309","YKL175W"
"3310","YKL176C"
"3311","YKL178C"
"3312","YKL179C"
"3313","YKL180W"
"3314","YKL181W"
"3315","YKL182W"
"3316","YKL183C-A"
"3317","YKL183W"
"3318","YKL184W"
"3319","YKL185W"
"3320","YKL186C"
"3321","YKL187C"
"3322","YKL188C"
"3323","YKL189W"
"3324","YKL190W"
"3325","YKL191W"
"3326","YKL192C"
"3327","YKL193C"
"3328","YKL194C"
"3329","YKL195W"
"3330","YKL196C"
"3331","YKL197C"
"3332","YKL198C"
"3333","YKL201C"
"3334","YKL202W"
"3335","YKL203C"
"3336","YKL204W"
"3337","YKL205W"
"3338","YKL206C"
"3339","YKL207W"
"3340","YKL208W"
"3341","YKL209C"
"3342","YKL210W"
"3343","YKL211C"
"3344","YKL212W"
"3345","YKL213C"
"3346","YKL214C"
"3347","YKL215C"
"3348","YKL216W"
"3349","YKL217W"
"3350","YKL218C"
"3351","YKL219W"
"3352","YKL220C"
"3353","YKL221W"
"3354","YKL222C"
"3355","YKR001C"
"3356","YKR002W"
"3357","YKR003W"
"3358","YKR004C"
"3359","YKR005C"
"3360","YKR006C"
"3361","YKR007W"
"3362","YKR008W"
"3363","YKR009C"
"3364","YKR010C"
"3365","YKR011C"
"3366","YKR013W"
"3367","YKR014C"
"3368","YKR015C"
"3369","YKR016W"
"3370","YKR017C"
"3371","YKR018C"
"3372","YKR019C"
"3373","YKR020W"
"3374","YKR021W"
"3375","YKR022C"
"3376","YKR023W"
"3377","YKR024C"
"3378","YKR025W"
"3379","YKR026C"
"3380","YKR027W"
"3381","YKR028W"
"3382","YKR029C"
"3383","YKR030W"
"3384","YKR031C"
"3385","YKR034W"
"3386","YKR036C"
"3387","YKR037C"
"3388","YKR038C"
"3389","YKR039W"
"3390","YKR042W"
"3391","YKR043C"
"3392","YKR044W"
"3393","YKR045C"
"3394","YKR046C"
"3395","YKR047W"
"3396","YKR048C"
"3397","YKR049C"
"3398","YKR050W"
"3399","YKR051W"
"3400","YKR052C"
"3401","YKR053C"
"3402","YKR054C"
"3403","YKR055W"
"3404","YKR056W"
"3405","YKR057W"
"3406","YKR058W"
"3407","YKR059W"
"3408","YKR060W"
"3409","YKR061W"
"3410","YKR062W"
"3411","YKR063C"
"3412","YKR064W"
"3413","YKR065C"
"3414","YKR066C"
"3415","YKR067W"
"3416","YKR068C"
"3417","YKR069W"
"3418","YKR070W"
"3419","YKR071C"
"3420","YKR072C"
"3421","YKR074W"
"3422","YKR075C"
"3423","YKR076W"
"3424","YKR077W"
"3425","YKR078W"
"3426","YKR079C"
"3427","YKR080W"
"3428","YKR081C"
"3429","YKR082W"
"3430","YKR083C"
"3431","YKR084C"
"3432","YKR085C"
"3433","YKR086W"
"3434","YKR087C"
"3435","YKR088C"
"3436","YKR089C"
"3437","YKR090W"
"3438","YKR091W"
"3439","YKR092C"
"3440","YKR093W"
"3441","YKR094C"
"3442","YKR095W"
"3443","YKR095W-A"
"3444","YKR096W"
"3445","YKR097W"
"3446","YKR098C"
"3447","YKR099W"
"3448","YKR100C"
"3449","YKR101W"
"3450","YKR102W"
"3451","YKR103W"
"3452","YKR104W"
"3453","YKR105C"
"3454","YLL001W"
"3455","YLL002W"
"3456","YLL003W"
"3457","YLL004W"
"3458","YLL005C"
"3459","YLL006W"
"3460","YLL007C"
"3461","YLL008W"
"3462","YLL009C"
"3463","YLL010C"
"3464","YLL011W"
"3465","YLL012W"
"3466","YLL013C"
"3467","YLL014W"
"3468","YLL015W"
"3469","YLL016W"
"3470","YLL017W"
"3471","YLL018C"
"3472","YLL018C-A"
"3473","YLL019C"
"3474","YLL019C"
"3475","YLL021W"
"3476","YLL022C"
"3477","YLL023C"
"3478","YLL024C"
"3479","YLL025W"
"3480","YLL026W"
"3481","YLL027W"
"3482","YLL028W"
"3483","YLL029W"
"3484","YLL031C"
"3485","YLL032C"
"3486","YLL033W"
"3487","YLL034C"
"3488","YLL035W"
"3489","YLL036C"
"3490","YLL038C"
"3491","YLL039C"
"3492","YLL040C"
"3493","YLL041C"
"3494","YLL042C"
"3495","YLL043W"
"3496","YLL045C"
"3497","YLL046C"
"3498","YLL048C"
"3499","YLL049W"
"3500","YLL050C"
"3501","YLL051C"
"3502","YLL053C"
"3503","YLL053C"
"3504","YLL054C"
"3505","YLL055W"
"3506","YLL056C"
"3507","YLL057C"
"3508","YLL058W"
"3509","YLL059C"
"3510","YLL060C"
"3511","YLL061W"
"3512","YLL062C"
"3513","YLL063C"
"3514","YLR001C"
"3515","YLR002C"
"3516","YLR003C"
"3517","YLR004C"
"3518","YLR005W"
"3519","YLR006C"
"3520","YLR007W"
"3521","YLR008C"
"3522","YLR009W"
"3523","YLR010C"
"3524","YLR011W"
"3525","YLR014C"
"3526","YLR015W"
"3527","YLR016C"
"3528","YLR017W"
"3529","YLR018C"
"3530","YLR019W"
"3531","YLR020C"
"3532","YLR021W"
"3533","YLR022C"
"3534","YLR023C"
"3535","YLR024C"
"3536","YLR025W"
"3537","YLR026C"
"3538","YLR027C"
"3539","YLR028C"
"3540","YLR029C"
"3541","YLR030W"
"3542","YLR031W"
"3543","YLR032W"
"3544","YLR033W"
"3545","YLR034C"
"3546","YLR035C"
"3547","YLR036C"
"3548","YLR037C"
"3549","YLR038C"
"3550","YLR039C"
"3551","YLR042C"
"3552","YLR043C"
"3553","YLR044C"
"3554","YLR045C"
"3555","YLR046C"
"3556","YLR047C"
"3557","YLR048W"
"3558","YLR049C"
"3559","YLR050C"
"3560","YLR051C"
"3561","YLR052W"
"3562","YLR053C"
"3563","YLR054C"
"3564","YLR055C"
"3565","YLR056W"
"3566","YLR057W"
"3567","YLR058C"
"3568","YLR059C"
"3569","YLR060W"
"3570","YLR063W"
"3571","YLR064W"
"3572","YLR065C"
"3573","YLR066W"
"3574","YLR067C"
"3575","YLR068W"
"3576","YLR069C"
"3577","YLR070C"
"3578","YLR071C"
"3579","YLR072W"
"3580","YLR073C"
"3581","YLR074C"
"3582","YLR075W"
"3583","YLR077W"
"3584","YLR078C"
"3585","YLR079W"
"3586","YLR080W"
"3587","YLR081W"
"3588","YLR082C"
"3589","YLR083C"
"3590","YLR084C"
"3591","YLR085C"
"3592","YLR086W"
"3593","YLR087C"
"3594","YLR088W"
"3595","YLR089C"
"3596","YLR090W"
"3597","YLR091W"
"3598","YLR092W"
"3599","YLR093C"
"3600","YLR094C"
"3601","YLR095C"
"3602","YLR096W"
"3603","YLR097C"
"3604","YLR098C"
"3605","YLR099C"
"3606","YLR099W-A"
"3607","YLR100W"
"3608","YLR102C"
"3609","YLR103C"
"3610","YLR104W"
"3611","YLR105C"
"3612","YLR106C"
"3613","YLR107W"
"3614","YLR108C"
"3615","YLR109W"
"3616","YLR110C"
"3617","YLR112W"
"3618","YLR113W"
"3619","YLR114C"
"3620","YLR115W"
"3621","YLR116W"
"3622","YLR117C"
"3623","YLR118C"
"3624","YLR119W"
"3625","YLR120C"
"3626","YLR121C"
"3627","YLR122C"
"3628","YLR122C"
"3629","YLR125W"
"3630","YLR126C"
"3631","YLR127C"
"3632","YLR128W"
"3633","YLR129W"
"3634","YLR130C"
"3635","YLR131C"
"3636","YLR132C"
"3637","YLR133W"
"3638","YLR134W"
"3639","YLR135W"
"3640","YLR136C"
"3641","YLR137W"
"3642","YLR138W"
"3643","YLR139C"
"3644","YLR141W"
"3645","YLR141W"
"3646","YLR142W"
"3647","YLR143W"
"3648","YLR144C"
"3649","YLR145W"
"3650","YLR146C"
"3651","YLR146W-A"
"3652","YLR147C"
"3653","YLR148W"
"3654","YLR149C"
"3655","YLR150W"
"3656","YLR151C"
"3657","YLR152C"
"3658","YLR153C"
"3659","YLR154C"
"3660","YLR163C"
"3661","YLR164W"
"3662","YLR165C"
"3663","YLR166C"
"3664","YLR167W"
"3665","YLR168C"
"3666","YLR169W"
"3667","YLR172C"
"3668","YLR173W"
"3669","YLR174W"
"3670","YLR175W"
"3671","YLR176C"
"3672","YLR177W"
"3673","YLR178C"
"3674","YLR179C"
"3675","YLR180W"
"3676","YLR181C"
"3677","YLR182W"
"3678","YLR183C"
"3679","YLR185W"
"3680","YLR186W"
"3681","YLR187W"
"3682","YLR188W"
"3683","YLR189C"
"3684","YLR190W"
"3685","YLR191W"
"3686","YLR192C"
"3687","YLR193C"
"3688","YLR194C"
"3689","YLR195C"
"3690","YLR196W"
"3691","YLR197W"
"3692","YLR199C"
"3693","YLR200W"
"3694","YLR201C"
"3695","YLR201C"
"3696","YLR203C"
"3697","YLR204W"
"3698","YLR205C"
"3699","YLR206W"
"3700","YLR207W"
"3701","YLR208W"
"3702","YLR209C"
"3703","YLR210W"
"3704","YLR211C"
"3705","YLR212C"
"3706","YLR213C"
"3707","YLR214W"
"3708","YLR215C"
"3709","YLR216C"
"3710","YLR218C"
"3711","YLR219W"
"3712","YLR220W"
"3713","YLR221C"
"3714","YLR222C"
"3715","YLR223C"
"3716","YLR223C"
"3717","YLR224W"
"3718","YLR225C"
"3719","YLR226W"
"3720","YLR227C"
"3721","YLR228C"
"3722","YLR229C"
"3723","YLR230W"
"3724","YLR231C"
"3725","YLR233C"
"3726","YLR234W"
"3727","YLR237W"
"3728","YLR238W"
"3729","YLR239C"
"3730","YLR240W"
"3731","YLR241W"
"3732","YLR242C"
"3733","YLR243W"
"3734","YLR244C"
"3735","YLR245C"
"3736","YLR246W"
"3737","YLR247C"
"3738","YLR248W"
"3739","YLR249W"
"3740","YLR250W"
"3741","YLR251W"
"3742","YLR251W"
"3743","YLR253W"
"3744","YLR254C"
"3745","YLR256W"
"3746","YLR257W"
"3747","YLR258W"
"3748","YLR259C"
"3749","YLR260W"
"3750","YLR262C"
"3751","YLR262C"
"3752","YLR262C-A"
"3753","YLR263W"
"3754","YLR264C-A"
"3755","YLR264W"
"3756","YLR265C"
"3757","YLR266C"
"3758","YLR267W"
"3759","YLR268W"
"3760","YLR269C"
"3761","YLR270W"
"3762","YLR271W"
"3763","YLR272C"
"3764","YLR273C"
"3765","YLR274W"
"3766","YLR275W"
"3767","YLR276C"
"3768","YLR277C"
"3769","YLR278C"
"3770","YLR279W"
"3771","YLR283W"
"3772","YLR284C"
"3773","YLR285C-A"
"3774","YLR285W"
"3775","YLR286C"
"3776","YLR287C"
"3777","YLR287C-A"
"3778","YLR288C"
"3779","YLR289W"
"3780","YLR290C"
"3781","YLR291C"
"3782","YLR292C"
"3783","YLR293C"
"3784","YLR295C"
"3785","YLR295C"
"3786","YLR296W"
"3787","YLR297W"
"3788","YLR298C"
"3789","YLR299W"
"3790","YLR300W"
"3791","YLR301W"
"3792","YLR303W"
"3793","YLR304C"
"3794","YLR305C"
"3795","YLR306W"
"3796","YLR307C-A"
"3797","YLR307W"
"3798","YLR308W"
"3799","YLR309C"
"3800","YLR310C"
"3801","YLR311C"
"3802","YLR312C"
"3803","YLR312W-A"
"3804","YLR313C"
"3805","YLR314C"
"3806","YLR315W"
"3807","YLR316C"
"3808","YLR318W"
"3809","YLR319C"
"3810","YLR320W"
"3811","YLR321C"
"3812","YLR323C"
"3813","YLR324W"
"3814","YLR325C"
"3815","YLR326W"
"3816","YLR327C"
"3817","YLR328W"
"3818","YLR329W"
"3819","YLR330W"
"3820","YLR332W"
"3821","YLR333C"
"3822","YLR335W"
"3823","YLR336C"
"3824","YLR337C"
"3825","YLR340W"
"3826","YLR341W"
"3827","YLR342W"
"3828","YLR343W"
"3829","YLR344W"
"3830","YLR345W"
"3831","YLR346C"
"3832","YLR347C"
"3833","YLR348C"
"3834","YLR349W"
"3835","YLR350W"
"3836","YLR351C"
"3837","YLR352W"
"3838","YLR353W"
"3839","YLR354C"
"3840","YLR355C"
"3841","YLR356W"
"3842","YLR357W"
"3843","YLR358C"
"3844","YLR359W"
"3845","YLR360W"
"3846","YLR361C"
"3847","YLR361C-A"
"3848","YLR362W"
"3849","YLR363C"
"3850","YLR363W-A"
"3851","YLR364W"
"3852","YLR367W"
"3853","YLR368W"
"3854","YLR369W"
"3855","YLR370C"
"3856","YLR371W"
"3857","YLR372W"
"3858","YLR373C"
"3859","YLR375W"
"3860","YLR376C"
"3861","YLR377C"
"3862","YLR378C"
"3863","YLR379W"
"3864","YLR380W"
"3865","YLR381W"
"3866","YLR382C"
"3867","YLR383W"
"3868","YLR384C"
"3869","YLR385C"
"3870","YLR386W"
"3871","YLR387C"
"3872","YLR388W"
"3873","YLR389C"
"3874","YLR390W"
"3875","YLR390W-A"
"3876","YLR392C"
"3877","YLR393W"
"3878","YLR394W"
"3879","YLR395C"
"3880","YLR396C"
"3881","YLR397C"
"3882","YLR398C"
"3883","YLR399C"
"3884","YLR400W"
"3885","YLR401C"
"3886","YLR402W"
"3887","YLR403W"
"3888","YLR404W"
"3889","YLR405W"
"3890","YLR406C"
"3891","YLR407W"
"3892","YLR408C"
"3893","YLR409C"
"3894","YLR410W"
"3895","YLR411W"
"3896","YLR412W"
"3897","YLR413W"
"3898","YLR414C"
"3899","YLR417W"
"3900","YLR418C"
"3901","YLR419W"
"3902","YLR420W"
"3903","YLR421C"
"3904","YLR422W"
"3905","YLR423C"
"3906","YLR424W"
"3907","YLR425W"
"3908","YLR426W"
"3909","YLR427W"
"3910","YLR429W"
"3911","YLR430W"
"3912","YLR431C"
"3913","YLR432W"
"3914","YLR433C"
"3915","YLR435W"
"3916","YLR436C"
"3917","YLR437C"
"3918","YLR438C-A"
"3919","YLR438W"
"3920","YLR439W"
"3921","YLR440C"
"3922","YLR441C"
"3923","YLR442C"
"3924","YLR443W"
"3925","YLR446W"
"3926","YLR447C"
"3927","YLR448W"
"3928","YLR449W"
"3929","YLR450W"
"3930","YLR451W"
"3931","YLR452C"
"3932","YLR453C"
"3933","YLR454W"
"3934","YLR455W"
"3935","YLR456W"
"3936","YLR457C"
"3937","YLR459W"
"3938","YLR460C"
"3939","YML001W"
"3940","YML002W"
"3941","YML003W"
"3942","YML004C"
"3943","YML005W"
"3944","YML006C"
"3945","YML007C-A"
"3946","YML007W"
"3947","YML008C"
"3948","YML009C"
"3949","YML009C-A"
"3950","YML010W"
"3951","YML010W"
"3952","YML011C"
"3953","YML012W"
"3954","YML013W"
"3955","YML014W"
"3956","YML015C"
"3957","YML016C"
"3958","YML017W"
"3959","YML018C"
"3960","YML019W"
"3961","YML020W"
"3962","YML021C"
"3963","YML022W"
"3964","YML023C"
"3965","YML024W"
"3966","YML025C"
"3967","YML026C"
"3968","YML027W"
"3969","YML028W"
"3970","YML029W"
"3971","YML030W"
"3972","YML031W"
"3973","YML032C"
"3974","YML034W"
"3975","YML035C"
"3976","YML036W"
"3977","YML037C"
"3978","YML038C"
"3979","YML041C"
"3980","YML042W"
"3981","YML043C"
"3982","YML046W"
"3983","YML048W"
"3984","YML049C"
"3985","YML050W"
"3986","YML051W"
"3987","YML052W"
"3988","YML053C"
"3989","YML054C"
"3990","YML055W"
"3991","YML056C"
"3992","YML057W"
"3993","YML058W"
"3994","YML059C"
"3995","YML060W"
"3996","YML061C"
"3997","YML062C"
"3998","YML063W"
"3999","YML064C"
"4000","YML065W"
"4001","YML066C"
"4002","YML067C"
"4003","YML068W"
"4004","YML069W"
"4005","YML070W"
"4006","YML071C"
"4007","YML072C"
"4008","YML073C"
"4009","YML074C"
"4010","YML075C"
"4011","YML076C"
"4012","YML077W"
"4013","YML078W"
"4014","YML079W"
"4015","YML080W"
"4016","YML081C-A"
"4017","YML081W"
"4018","YML082W"
"4019","YML083C"
"4020","YML085C"
"4021","YML086C"
"4022","YML087C"
"4023","YML088W"
"4024","YML089C"
"4025","YML090W"
"4026","YML091C"
"4027","YML092C"
"4028","YML093W"
"4029","YML094W"
"4030","YML095C"
"4031","YML096W"
"4032","YML097C"
"4033","YML098W"
"4034","YML099C"
"4035","YML099W-A"
"4036","YML100W"
"4037","YML101C"
"4038","YML102W"
"4039","YML103C"
"4040","YML104C"
"4041","YML105C"
"4042","YML106W"
"4043","YML107C"
"4044","YML108W"
"4045","YML109W"
"4046","YML110C"
"4047","YML111W"
"4048","YML112W"
"4049","YML113W"
"4050","YML114C"
"4051","YML115C"
"4052","YML116W"
"4053","YML117W"
"4054","YML117W"
"4055","YML118W"
"4056","YML119W"
"4057","YML120C"
"4058","YML121W"
"4059","YML122C"
"4060","YML123C"
"4061","YML124C"
"4062","YML125C"
"4063","YML126C"
"4064","YML127W"
"4065","YML128C"
"4066","YML129C"
"4067","YML130C"
"4068","YML131W"
"4069","YML132W"
"4070","YMR001C"
"4071","YMR001C-A"
"4072","YMR002W"
"4073","YMR003W"
"4074","YMR004W"
"4075","YMR005W"
"4076","YMR006C"
"4077","YMR007W"
"4078","YMR008C"
"4079","YMR009W"
"4080","YMR010W"
"4081","YMR011W"
"4082","YMR012W"
"4083","YMR013C"
"4084","YMR013C"
"4085","YMR014W"
"4086","YMR015C"
"4087","YMR016C"
"4088","YMR017W"
"4089","YMR018W"
"4090","YMR019W"
"4091","YMR020W"
"4092","YMR021C"
"4093","YMR022W"
"4094","YMR023C"
"4095","YMR024W"
"4096","YMR025W"
"4097","YMR026C"
"4098","YMR027W"
"4099","YMR028W"
"4100","YMR029C"
"4101","YMR030W"
"4102","YMR030W-A"
"4103","YMR031C"
"4104","YMR032W"
"4105","YMR033W"
"4106","YMR034C"
"4107","YMR035W"
"4108","YMR036C"
"4109","YMR037C"
"4110","YMR038C"
"4111","YMR039C"
"4112","YMR040W"
"4113","YMR041C"
"4114","YMR042W"
"4115","YMR043W"
"4116","YMR044W"
"4117","YMR047C"
"4118","YMR048W"
"4119","YMR049C"
"4120","YMR052W"
"4121","YMR053C"
"4122","YMR053C"
"4123","YMR054W"
"4124","YMR055C"
"4125","YMR056C"
"4126","YMR057C"
"4127","YMR058W"
"4128","YMR059W"
"4129","YMR060C"
"4130","YMR061W"
"4131","YMR062C"
"4132","YMR063W"
"4133","YMR064W"
"4134","YMR065W"
"4135","YMR066W"
"4136","YMR067C"
"4137","YMR068W"
"4138","YMR070W"
"4139","YMR071C"
"4140","YMR072W"
"4141","YMR073C"
"4142","YMR074C"
"4143","YMR075W"
"4144","YMR076C"
"4145","YMR077C"
"4146","YMR078C"
"4147","YMR079W"
"4148","YMR080C"
"4149","YMR081C"
"4150","YMR083W"
"4151","YMR084W"
"4152","YMR085W"
"4153","YMR086C-A"
"4154","YMR086W"
"4155","YMR087W"
"4156","YMR088C"
"4157","YMR089C"
"4158","YMR090W"
"4159","YMR091C"
"4160","YMR092C"
"4161","YMR093W"
"4162","YMR094W"
"4163","YMR095C"
"4164","YMR096W"
"4165","YMR097C"
"4166","YMR098C"
"4167","YMR099C"
"4168","YMR100W"
"4169","YMR101C"
"4170","YMR102C"
"4171","YMR103C"
"4172","YMR104C"
"4173","YMR105C"
"4174","YMR105W-A"
"4175","YMR106C"
"4176","YMR107W"
"4177","YMR108W"
"4178","YMR109W"
"4179","YMR110C"
"4180","YMR111C"
"4181","YMR112C"
"4182","YMR113W"
"4183","YMR114C"
"4184","YMR115W"
"4185","YMR116C"
"4186","YMR117C"
"4187","YMR118C"
"4188","YMR119W"
"4189","YMR119W"
"4190","YMR120C"
"4191","YMR121C"
"4192","YMR122C"
"4193","YMR122W-A"
"4194","YMR123W"
"4195","YMR124W"
"4196","YMR125W"
"4197","YMR126C"
"4198","YMR127C"
"4199","YMR128W"
"4200","YMR129W"
"4201","YMR130W"
"4202","YMR131C"
"4203","YMR132C"
"4204","YMR133W"
"4205","YMR134W"
"4206","YMR135C"
"4207","YMR136W"
"4208","YMR137C"
"4209","YMR138W"
"4210","YMR139W"
"4211","YMR140W"
"4212","YMR141C"
"4213","YMR141W-A"
"4214","YMR142C"
"4215","YMR143W"
"4216","YMR144W"
"4217","YMR145C"
"4218","YMR146C"
"4219","YMR147W"
"4220","YMR148W"
"4221","YMR149W"
"4222","YMR150C"
"4223","YMR151W"
"4224","YMR152W"
"4225","YMR153C-A"
"4226","YMR153W"
"4227","YMR154C"
"4228","YMR155W"
"4229","YMR156C"
"4230","YMR157C"
"4231","YMR158C-A"
"4232","YMR158W"
"4233","YMR160W"
"4234","YMR161W"
"4235","YMR162C"
"4236","YMR163C"
"4237","YMR164C"
"4238","YMR165C"
"4239","YMR166C"
"4240","YMR167W"
"4241","YMR168C"
"4242","YMR169C"
"4243","YMR170C"
"4244","YMR171C"
"4245","YMR172W"
"4246","YMR173W"
"4247","YMR173W"
"4248","YMR174C"
"4249","YMR175W"
"4250","YMR175W-A"
"4251","YMR176W"
"4252","YMR177W"
"4253","YMR178W"
"4254","YMR179W"
"4255","YMR180C"
"4256","YMR181C"
"4257","YMR182C"
"4258","YMR182W-A"
"4259","YMR183C"
"4260","YMR184W"
"4261","YMR185W"
"4262","YMR186W"
"4263","YMR187C"
"4264","YMR188C"
"4265","YMR189W"
"4266","YMR190C"
"4267","YMR191W"
"4268","YMR192W"
"4269","YMR193C-A"
"4270","YMR193W"
"4271","YMR194C-B"
"4272","YMR194W"
"4273","YMR195W"
"4274","YMR196W"
"4275","YMR197C"
"4276","YMR198W"
"4277","YMR199W"
"4278","YMR200W"
"4279","YMR201C"
"4280","YMR202W"
"4281","YMR203W"
"4282","YMR204C"
"4283","YMR205C"
"4284","YMR206W"
"4285","YMR207C"
"4286","YMR208W"
"4287","YMR209C"
"4288","YMR210W"
"4289","YMR211W"
"4290","YMR212C"
"4291","YMR213W"
"4292","YMR214W"
"4293","YMR215W"
"4294","YMR216C"
"4295","YMR217W"
"4296","YMR218C"
"4297","YMR219W"
"4298","YMR220W"
"4299","YMR221C"
"4300","YMR222C"
"4301","YMR223W"
"4302","YMR224C"
"4303","YMR225C"
"4304","YMR226C"
"4305","YMR227C"
"4306","YMR228W"
"4307","YMR229C"
"4308","YMR230W"
"4309","YMR231W"
"4310","YMR232W"
"4311","YMR233W"
"4312","YMR234W"
"4313","YMR235C"
"4314","YMR236W"
"4315","YMR237W"
"4316","YMR238W"
"4317","YMR239C"
"4318","YMR240C"
"4319","YMR241W"
"4320","YMR242C"
"4321","YMR243C"
"4322","YMR244C-A"
"4323","YMR245W"
"4324","YMR246W"
"4325","YMR247C"
"4326","YMR250W"
"4327","YMR251W"
"4328","YMR251W-A"
"4329","YMR252C"
"4330","YMR253C"
"4331","YMR254C"
"4332","YMR255W"
"4333","YMR256C"
"4334","YMR257C"
"4335","YMR258C"
"4336","YMR259C"
"4337","YMR260C"
"4338","YMR261C"
"4339","YMR262W"
"4340","YMR263W"
"4341","YMR264W"
"4342","YMR265C"
"4343","YMR266W"
"4344","YMR267W"
"4345","YMR268C"
"4346","YMR269W"
"4347","YMR270C"
"4348","YMR271C"
"4349","YMR272C"
"4350","YMR273C"
"4351","YMR274C"
"4352","YMR275C"
"4353","YMR276W"
"4354","YMR277W"
"4355","YMR278W"
"4356","YMR279C"
"4357","YMR280C"
"4358","YMR281W"
"4359","YMR282C"
"4360","YMR283C"
"4361","YMR284W"
"4362","YMR285C"
"4363","YMR286W"
"4364","YMR287C"
"4365","YMR288W"
"4366","YMR289W"
"4367","YMR290C"
"4368","YMR290W-A"
"4369","YMR291W"
"4370","YMR292W"
"4371","YMR293C"
"4372","YMR294W"
"4373","YMR294W-A"
"4374","YMR295C"
"4375","YMR296C"
"4376","YMR297W"
"4377","YMR298W"
"4378","YMR299C"
"4379","YMR300C"
"4380","YMR301C"
"4381","YMR302C"
"4382","YMR303C"
"4383","YMR304W"
"4384","YMR305C"
"4385","YMR305C"
"4386","YMR306W"
"4387","YMR307W"
"4388","YMR308C"
"4389","YMR309C"
"4390","YMR310C"
"4391","YMR311C"
"4392","YMR312W"
"4393","YMR313C"
"4394","YMR314W"
"4395","YMR315W"
"4396","YMR315W-A"
"4397","YMR316C-A"
"4398","YMR316C-B"
"4399","YMR316W"
"4400","YMR317W"
"4401","YMR318C"
"4402","YMR319C"
"4403","YMR320W"
"4404","YMR321C"
"4405","YMR322C"
"4406","YNL001W"
"4407","YNL002C"
"4408","YNL003C"
"4409","YNL004W"
"4410","YNL005C"
"4411","YNL006W"
"4412","YNL007C"
"4413","YNL008C"
"4414","YNL009W"
"4415","YNL010W"
"4416","YNL011C"
"4417","YNL012W"
"4418","YNL014W"
"4419","YNL015W"
"4420","YNL016W"
"4421","YNL018C"
"4422","YNL019C"
"4423","YNL020C"
"4424","YNL021W"
"4425","YNL022C"
"4426","YNL023C"
"4427","YNL024C"
"4428","YNL024C-A"
"4429","YNL025C"
"4430","YNL026W"
"4431","YNL027W"
"4432","YNL029C"
"4433","YNL030W"
"4434","YNL031C"
"4435","YNL032W"
"4436","YNL034W"
"4437","YNL035C"
"4438","YNL036W"
"4439","YNL037C"
"4440","YNL038W"
"4441","YNL039W"
"4442","YNL040W"
"4443","YNL041C"
"4444","YNL042W"
"4445","YNL043C"
"4446","YNL044W"
"4447","YNL045W"
"4448","YNL046W"
"4449","YNL047C"
"4450","YNL048W"
"4451","YNL049C"
"4452","YNL050C"
"4453","YNL051W"
"4454","YNL052W"
"4455","YNL053W"
"4456","YNL054W"
"4457","YNL054W-B"
"4458","YNL054W-B"
"4459","YNL055C"
"4460","YNL056W"
"4461","YNL058C"
"4462","YNL059C"
"4463","YNL061W"
"4464","YNL062C"
"4465","YNL063W"
"4466","YNL064C"
"4467","YNL065W"
"4468","YNL066W"
"4469","YNL067W"
"4470","YNL068C"
"4471","YNL069C"
"4472","YNL070W"
"4473","YNL071W"
"4474","YNL072W"
"4475","YNL073W"
"4476","YNL074C"
"4477","YNL075W"
"4478","YNL076W"
"4479","YNL077W"
"4480","YNL078W"
"4481","YNL079C"
"4482","YNL080C"
"4483","YNL081C"
"4484","YNL082W"
"4485","YNL083W"
"4486","YNL084C"
"4487","YNL085W"
"4488","YNL086W"
"4489","YNL087W"
"4490","YNL088W"
"4491","YNL090W"
"4492","YNL091W"
"4493","YNL092W"
"4494","YNL093W"
"4495","YNL094W"
"4496","YNL095C"
"4497","YNL096C"
"4498","YNL097C"
"4499","YNL098C"
"4500","YNL099C"
"4501","YNL100W"
"4502","YNL101W"
"4503","YNL102W"
"4504","YNL103W"
"4505","YNL103W-A"
"4506","YNL104C"
"4507","YNL106C"
"4508","YNL107W"
"4509","YNL108C"
"4510","YNL110C"
"4511","YNL111C"
"4512","YNL112W"
"4513","YNL113W"
"4514","YNL115C"
"4515","YNL116W"
"4516","YNL117W"
"4517","YNL118C"
"4518","YNL119W"
"4519","YNL121C"
"4520","YNL122C"
"4521","YNL123W"
"4522","YNL124W"
"4523","YNL125C"
"4524","YNL126W"
"4525","YNL127W"
"4526","YNL128W"
"4527","YNL129W"
"4528","YNL130C"
"4529","YNL131W"
"4530","YNL132W"
"4531","YNL133C"
"4532","YNL134C"
"4533","YNL135C"
"4534","YNL136W"
"4535","YNL137C"
"4536","YNL138W"
"4537","YNL138W-A"
"4538","YNL139C"
"4539","YNL139C"
"4540","YNL141W"
"4541","YNL142W"
"4542","YNL143C"
"4543","YNL144C"
"4544","YNL145W"
"4545","YNL146W"
"4546","YNL147W"
"4547","YNL148C"
"4548","YNL149C"
"4549","YNL150W"
"4550","YNL151C"
"4551","YNL152W"
"4552","YNL153C"
"4553","YNL154C"
"4554","YNL155W"
"4555","YNL156C"
"4556","YNL157W"
"4557","YNL158W"
"4558","YNL159C"
"4559","YNL160W"
"4560","YNL161W"
"4561","YNL162W"
"4562","YNL162W-A"
"4563","YNL163C"
"4564","YNL164C"
"4565","YNL165W"
"4566","YNL166C"
"4567","YNL167C"
"4568","YNL168C"
"4569","YNL169C"
"4570","YNL170W"
"4571","YNL172W"
"4572","YNL173C"
"4573","YNL175C"
"4574","YNL176C"
"4575","YNL177C"
"4576","YNL178W"
"4577","YNL179C"
"4578","YNL180C"
"4579","YNL181W"
"4580","YNL182C"
"4581","YNL183C"
"4582","YNL185C"
"4583","YNL185C"
"4584","YNL186W"
"4585","YNL187W"
"4586","YNL188W"
"4587","YNL189W"
"4588","YNL190W"
"4589","YNL191W"
"4590","YNL192W"
"4591","YNL193W"
"4592","YNL194C"
"4593","YNL195C"
"4594","YNL196C"
"4595","YNL197C"
"4596","YNL199C"
"4597","YNL199C"
"4598","YNL200C"
"4599","YNL201C"
"4600","YNL202W"
"4601","YNL206C"
"4602","YNL206C"
"4603","YNL206C"
"4604","YNL207W"
"4605","YNL208W"
"4606","YNL209W"
"4607","YNL210W"
"4608","YNL211C"
"4609","YNL212W"
"4610","YNL213C"
"4611","YNL214W"
"4612","YNL215W"
"4613","YNL216W"
"4614","YNL217W"
"4615","YNL218W"
"4616","YNL219C"
"4617","YNL220W"
"4618","YNL221C"
"4619","YNL222W"
"4620","YNL223W"
"4621","YNL224C"
"4622","YNL225C"
"4623","YNL227C"
"4624","YNL229C"
"4625","YNL230C"
"4626","YNL231C"
"4627","YNL232W"
"4628","YNL233W"
"4629","YNL234W"
"4630","YNL236W"
"4631","YNL237W"
"4632","YNL238W"
"4633","YNL239W"
"4634","YNL240C"
"4635","YNL241C"
"4636","YNL242W"
"4637","YNL243W"
"4638","YNL244C"
"4639","YNL245C"
"4640","YNL246W"
"4641","YNL247W"
"4642","YNL248C"
"4643","YNL249C"
"4644","YNL250W"
"4645","YNL251C"
"4646","YNL252C"
"4647","YNL253W"
"4648","YNL254C"
"4649","YNL255C"
"4650","YNL256W"
"4651","YNL257C"
"4652","YNL258C"
"4653","YNL259C"
"4654","YNL260C"
"4655","YNL261W"
"4656","YNL262W"
"4657","YNL263C"
"4658","YNL264C"
"4659","YNL265C"
"4660","YNL266W"
"4661","YNL267W"
"4662","YNL268W"
"4663","YNL270C"
"4664","YNL271C"
"4665","YNL272C"
"4666","YNL273W"
"4667","YNL274C"
"4668","YNL275W"
"4669","YNL276C"
"4670","YNL277W"
"4671","YNL278W"
"4672","YNL279W"
"4673","YNL280C"
"4674","YNL281W"
"4675","YNL282W"
"4676","YNL283C"
"4677","YNL284C"
"4678","YNL285W"
"4679","YNL286W"
"4680","YNL287W"
"4681","YNL288W"
"4682","YNL289W"
"4683","YNL290W"
"4684","YNL291C"
"4685","YNL292W"
"4686","YNL293W"
"4687","YNL294C"
"4688","YNL295W"
"4689","YNL297C"
"4690","YNL298W"
"4691","YNL299W"
"4692","YNL300W"
"4693","YNL301C"
"4694","YNL302C"
"4695","YNL304W"
"4696","YNL304W"
"4697","YNL305C"
"4698","YNL306W"
"4699","YNL307C"
"4700","YNL308C"
"4701","YNL309W"
"4702","YNL310C"
"4703","YNL311C"
"4704","YNL312W"
"4705","YNL313C"
"4706","YNL314W"
"4707","YNL315C"
"4708","YNL316C"
"4709","YNL317W"
"4710","YNL320W"
"4711","YNL321W"
"4712","YNL322C"
"4713","YNL323W"
"4714","YNL325C"
"4715","YNL326C"
"4716","YNL327W"
"4717","YNL328C"
"4718","YNL329C"
"4719","YNL330C"
"4720","YNL331C"
"4721","YNL333W"
"4722","YNL334C"
"4723","YNL335W"
"4724","YNL336W"
"4725","YNR001C"
"4726","YNR002C"
"4727","YNR003C"
"4728","YNR004W"
"4729","YNR006W"
"4730","YNR007C"
"4731","YNR008W"
"4732","YNR009W"
"4733","YNR010W"
"4734","YNR011C"
"4735","YNR012W"
"4736","YNR013C"
"4737","YNR014W"
"4738","YNR015W"
"4739","YNR016C"
"4740","YNR017W"
"4741","YNR018W"
"4742","YNR019W"
"4743","YNR020C"
"4744","YNR021W"
"4745","YNR022C"
"4746","YNR023W"
"4747","YNR024W"
"4748","YNR025C"
"4749","YNR026C"
"4750","YNR027W"
"4751","YNR028W"
"4752","YNR029C"
"4753","YNR030W"
"4754","YNR031C"
"4755","YNR032C-A"
"4756","YNR032W"
"4757","YNR033W"
"4758","YNR034W"
"4759","YNR034W-A"
"4760","YNR035C"
"4761","YNR036C"
"4762","YNR037C"
"4763","YNR038W"
"4764","YNR039C"
"4765","YNR040W"
"4766","YNR041C"
"4767","YNR043W"
"4768","YNR044W"
"4769","YNR045W"
"4770","YNR046W"
"4771","YNR047W"
"4772","YNR048W"
"4773","YNR049C"
"4774","YNR050C"
"4775","YNR051C"
"4776","YNR052C"
"4777","YNR053C"
"4778","YNR054C"
"4779","YNR055C"
"4780","YNR056C"
"4781","YNR057C"
"4782","YNR058W"
"4783","YNR059W"
"4784","YNR060W"
"4785","YNR061C"
"4786","YNR062C"
"4787","YNR063W"
"4788","YNR064C"
"4789","YNR065C"
"4790","YNR066C"
"4791","YNR067C"
"4792","YNR068C"
"4793","YNR069C"
"4794","YNR070W"
"4795","YNR071C"
"4796","YNR072W"
"4797","YNR073C"
"4798","YNR074C"
"4799","YNR075W"
"4800","YOL001W"
"4801","YOL002C"
"4802","YOL003C"
"4803","YOL004W"
"4804","YOL005C"
"4805","YOL006C"
"4806","YOL007C"
"4807","YOL008W"
"4808","YOL009C"
"4809","YOL010W"
"4810","YOL011W"
"4811","YOL012C"
"4812","YOL013C"
"4813","YOL014W"
"4814","YOL015W"
"4815","YOL016C"
"4816","YOL017W"
"4817","YOL018C"
"4818","YOL019W"
"4819","YOL020W"
"4820","YOL021C"
"4821","YOL022C"
"4822","YOL023W"
"4823","YOL024W"
"4824","YOL025W"
"4825","YOL026C"
"4826","YOL027C"
"4827","YOL028C"
"4828","YOL029C"
"4829","YOL030W"
"4830","YOL031C"
"4831","YOL032W"
"4832","YOL033W"
"4833","YOL034W"
"4834","YOL035C"
"4835","YOL036W"
"4836","YOL038W"
"4837","YOL039W"
"4838","YOL040C"
"4839","YOL041C"
"4840","YOL042W"
"4841","YOL043C"
"4842","YOL044W"
"4843","YOL045W"
"4844","YOL047C"
"4845","YOL048C"
"4846","YOL049W"
"4847","YOL051W"
"4848","YOL052C"
"4849","YOL052C-A"
"4850","YOL053W"
"4851","YOL054W"
"4852","YOL055C"
"4853","YOL056W"
"4854","YOL057W"
"4855","YOL058W"
"4856","YOL059W"
"4857","YOL060C"
"4858","YOL061W"
"4859","YOL062C"
"4860","YOL063C"
"4861","YOL064C"
"4862","YOL065C"
"4863","YOL066C"
"4864","YOL067C"
"4865","YOL068C"
"4866","YOL069W"
"4867","YOL070C"
"4868","YOL071W"
"4869","YOL072W"
"4870","YOL073C"
"4871","YOL075C"
"4872","YOL076W"
"4873","YOL077C"
"4874","YOL077W-A"
"4875","YOL078W"
"4876","YOL080C"
"4877","YOL081W"
"4878","YOL082W"
"4879","YOL083W"
"4880","YOL084W"
"4881","YOL085W-A"
"4882","YOL086C"
"4883","YOL086W-A"
"4884","YOL087C"
"4885","YOL088C"
"4886","YOL089C"
"4887","YOL090W"
"4888","YOL091W"
"4889","YOL092W"
"4890","YOL093W"
"4891","YOL094C"
"4892","YOL095C"
"4893","YOL096C"
"4894","YOL097C"
"4895","YOL098C"
"4896","YOL100W"
"4897","YOL101C"
"4898","YOL102C"
"4899","YOL103W"
"4900","YOL105C"
"4901","YOL106W"
"4902","YOL107W"
"4903","YOL108C"
"4904","YOL109W"
"4905","YOL110W"
"4906","YOL111C"
"4907","YOL112W"
"4908","YOL113W"
"4909","YOL114C"
"4910","YOL115W"
"4911","YOL116W"
"4912","YOL117W"
"4913","YOL118C"
"4914","YOL119C"
"4915","YOL120C"
"4916","YOL121C"
"4917","YOL122C"
"4918","YOL123W"
"4919","YOL124C"
"4920","YOL125W"
"4921","YOL126C"
"4922","YOL127W"
"4923","YOL128C"
"4924","YOL129W"
"4925","YOL130W"
"4926","YOL132W"
"4927","YOL133W"
"4928","YOL135C"
"4929","YOL136C"
"4930","YOL137W"
"4931","YOL138C"
"4932","YOL139C"
"4933","YOL140W"
"4934","YOL141W"
"4935","YOL142W"
"4936","YOL143C"
"4937","YOL144W"
"4938","YOL145C"
"4939","YOL146W"
"4940","YOL147C"
"4941","YOL148C"
"4942","YOL149W"
"4943","YOL151W"
"4944","YOL152W"
"4945","YOL153C"
"4946","YOL154W"
"4947","YOL155C"
"4948","YOL156W"
"4949","YOL157C"
"4950","YOL158C"
"4951","YOL159C"
"4952","YOL159C-A"
"4953","YOL162W"
"4954","YOL163W"
"4955","YOL164W"
"4956","YOL164W-A"
"4957","YOL165C"
"4958","YOR001W"
"4959","YOR002W"
"4960","YOR003W"
"4961","YOR004W"
"4962","YOR005C"
"4963","YOR006C"
"4964","YOR007C"
"4965","YOR008C"
"4966","YOR008W-B"
"4967","YOR009W"
"4968","YOR010C"
"4969","YOR011W"
"4970","YOR014W"
"4971","YOR015W"
"4972","YOR016C"
"4973","YOR017W"
"4974","YOR018W"
"4975","YOR019W"
"4976","YOR020C"
"4977","YOR020W-A"
"4978","YOR021C"
"4979","YOR022C"
"4980","YOR023C"
"4981","YOR025W"
"4982","YOR026W"
"4983","YOR027W"
"4984","YOR028C"
"4985","YOR030W"
"4986","YOR031W"
"4987","YOR032C"
"4988","YOR032W-A"
"4989","YOR033C"
"4990","YOR034C"
"4991","YOR034C-A"
"4992","YOR035C"
"4993","YOR036W"
"4994","YOR037W"
"4995","YOR038C"
"4996","YOR039W"
"4997","YOR040W"
"4998","YOR042W"
"4999","YOR043W"
"5000","YOR044W"
"5001","YOR045W"
"5002","YOR046C"
"5003","YOR047C"
"5004","YOR048C"
"5005","YOR049C"
"5006","YOR050C"
"5007","YOR051C"
"5008","YOR052C"
"5009","YOR054C"
"5010","YOR056C"
"5011","YOR057W"
"5012","YOR058C"
"5013","YOR059C"
"5014","YOR060C"
"5015","YOR061W"
"5016","YOR062C"
"5017","YOR063W"
"5018","YOR064C"
"5019","YOR065W"
"5020","YOR066W"
"5021","YOR067C"
"5022","YOR069W"
"5023","YOR070C"
"5024","YOR071C"
"5025","YOR073W"
"5026","YOR074C"
"5027","YOR075W"
"5028","YOR076C"
"5029","YOR077W"
"5030","YOR078W"
"5031","YOR079C"
"5032","YOR080W"
"5033","YOR081C"
"5034","YOR083W"
"5035","YOR084W"
"5036","YOR085W"
"5037","YOR086C"
"5038","YOR087W"
"5039","YOR089C"
"5040","YOR090C"
"5041","YOR091W"
"5042","YOR092W"
"5043","YOR093C"
"5044","YOR094W"
"5045","YOR095C"
"5046","YOR096W"
"5047","YOR097C"
"5048","YOR098C"
"5049","YOR099W"
"5050","YOR100C"
"5051","YOR101W"
"5052","YOR104W"
"5053","YOR104W"
"5054","YOR106W"
"5055","YOR107W"
"5056","YOR108W"
"5057","YOR109W"
"5058","YOR110W"
"5059","YOR111W"
"5060","YOR112W"
"5061","YOR113W"
"5062","YOR114W"
"5063","YOR115C"
"5064","YOR116C"
"5065","YOR117W"
"5066","YOR118W"
"5067","YOR119C"
"5068","YOR120W"
"5069","YOR121C"
"5070","YOR122C"
"5071","YOR123C"
"5072","YOR124C"
"5073","YOR125C"
"5074","YOR126C"
"5075","YOR127W"
"5076","YOR128C"
"5077","YOR129C"
"5078","YOR130C"
"5079","YOR131C"
"5080","YOR132W"
"5081","YOR133W"
"5082","YOR134W"
"5083","YOR135C"
"5084","YOR136W"
"5085","YOR137C"
"5086","YOR138C"
"5087","YOR140W"
"5088","YOR141C"
"5089","YOR142W"
"5090","YOR143C"
"5091","YOR144C"
"5092","YOR145C"
"5093","YOR147W"
"5094","YOR148C"
"5095","YOR149C"
"5096","YOR150W"
"5097","YOR151C"
"5098","YOR152C"
"5099","YOR153W"
"5100","YOR154W"
"5101","YOR155C"
"5102","YOR156C"
"5103","YOR157C"
"5104","YOR158W"
"5105","YOR159C"
"5106","YOR160W"
"5107","YOR161C"
"5108","YOR162C"
"5109","YOR163W"
"5110","YOR164C"
"5111","YOR165W"
"5112","YOR166C"
"5113","YOR167C"
"5114","YOR168W"
"5115","YOR170W"
"5116","YOR171C"
"5117","YOR172W"
"5118","YOR173W"
"5119","YOR174W"
"5120","YOR175C"
"5121","YOR176W"
"5122","YOR177C"
"5123","YOR178C"
"5124","YOR179C"
"5125","YOR180C"
"5126","YOR181W"
"5127","YOR182C"
"5128","YOR184W"
"5129","YOR185C"
"5130","YOR186W"
"5131","YOR187W"
"5132","YOR188W"
"5133","YOR189W"
"5134","YOR190W"
"5135","YOR191W"
"5136","YOR192C"
"5137","YOR192C-B"
"5138","YOR192C-B"
"5139","YOR193W"
"5140","YOR194C"
"5141","YOR195W"
"5142","YOR196C"
"5143","YOR197W"
"5144","YOR198C"
"5145","YOR201C"
"5146","YOR204W"
"5147","YOR204W"
"5148","YOR204W"
"5149","YOR205C"
"5150","YOR206W"
"5151","YOR207C"
"5152","YOR208W"
"5153","YOR209C"
"5154","YOR210W"
"5155","YOR211C"
"5156","YOR212W"
"5157","YOR213C"
"5158","YOR214C"
"5159","YOR215C"
"5160","YOR216C"
"5161","YOR217W"
"5162","YOR219C"
"5163","YOR220W"
"5164","YOR221C"
"5165","YOR222W"
"5166","YOR223W"
"5167","YOR224C"
"5168","YOR226C"
"5169","YOR227W"
"5170","YOR228C"
"5171","YOR229W"
"5172","YOR230W"
"5173","YOR231W"
"5174","YOR232W"
"5175","YOR233W"
"5176","YOR234C"
"5177","YOR236W"
"5178","YOR238W"
"5179","YOR239W"
"5180","YOR241W"
"5181","YOR242C"
"5182","YOR243C"
"5183","YOR244W"
"5184","YOR245C"
"5185","YOR246C"
"5186","YOR247W"
"5187","YOR247W"
"5188","YOR249C"
"5189","YOR250C"
"5190","YOR251C"
"5191","YOR252W"
"5192","YOR253W"
"5193","YOR254C"
"5194","YOR256C"
"5195","YOR257W"
"5196","YOR258W"
"5197","YOR259C"
"5198","YOR260W"
"5199","YOR261C"
"5200","YOR262W"
"5201","YOR264W"
"5202","YOR265W"
"5203","YOR266W"
"5204","YOR267C"
"5205","YOR269W"
"5206","YOR270C"
"5207","YOR271C"
"5208","YOR272W"
"5209","YOR273C"
"5210","YOR274W"
"5211","YOR275C"
"5212","YOR276W"
"5213","YOR278W"
"5214","YOR279C"
"5215","YOR280C"
"5216","YOR281C"
"5217","YOR283W"
"5218","YOR284W"
"5219","YOR285W"
"5220","YOR286W"
"5221","YOR287C"
"5222","YOR288C"
"5223","YOR289W"
"5224","YOR290C"
"5225","YOR291W"
"5226","YOR292C"
"5227","YOR293W"
"5228","YOR294W"
"5229","YOR295W"
"5230","YOR296W"
"5231","YOR297C"
"5232","YOR298C-A"
"5233","YOR298W"
"5234","YOR299W"
"5235","YOR299W"
"5236","YOR301W"
"5237","YOR302W"
"5238","YOR303W"
"5239","YOR304C-A"
"5240","YOR304W"
"5241","YOR305W"
"5242","YOR306C"
"5243","YOR307C"
"5244","YOR308C"
"5245","YOR310C"
"5246","YOR310C"
"5247","YOR311C"
"5248","YOR312C"
"5249","YOR313C"
"5250","YOR314W"
"5251","YOR315W"
"5252","YOR316C"
"5253","YOR317W"
"5254","YOR318C"
"5255","YOR319W"
"5256","YOR320C"
"5257","YOR321W"
"5258","YOR322C"
"5259","YOR323C"
"5260","YOR324C"
"5261","YOR326W"
"5262","YOR327C"
"5263","YOR328W"
"5264","YOR329C"
"5265","YOR330C"
"5266","YOR332W"
"5267","YOR334W"
"5268","YOR335C"
"5269","YOR336W"
"5270","YOR337W"
"5271","YOR338W"
"5272","YOR339C"
"5273","YOR340C"
"5274","YOR341W"
"5275","YOR342C"
"5276","YOR343C"
"5277","YOR343W-B"
"5278","YOR343W-B"
"5279","YOR344C"
"5280","YOR346W"
"5281","YOR347C"
"5282","YOR348C"
"5283","YOR349W"
"5284","YOR350C"
"5285","YOR351C"
"5286","YOR352W"
"5287","YOR353C"
"5288","YOR354C"
"5289","YOR355W"
"5290","YOR356W"
"5291","YOR357C"
"5292","YOR358W"
"5293","YOR359W"
"5294","YOR360C"
"5295","YOR361C"
"5296","YOR362C"
"5297","YOR363C"
"5298","YOR365C"
"5299","YOR367W"
"5300","YOR368W"
"5301","YOR369C"
"5302","YOR370C"
"5303","YOR371C"
"5304","YOR372C"
"5305","YOR373W"
"5306","YOR374W"
"5307","YOR375C"
"5308","YOR376W"
"5309","YOR376W-A"
"5310","YOR377W"
"5311","YOR378W"
"5312","YOR380W"
"5313","YOR381W"
"5314","YOR382W"
"5315","YOR383C"
"5316","YOR384W"
"5317","YOR385W"
"5318","YOR386W"
"5319","YOR387C"
"5320","YOR388C"
"5321","YOR389W"
"5322","YOR390W"
"5323","YOR391C"
"5324","YOR392W"
"5325","YPL001W"
"5326","YPL002C"
"5327","YPL003W"
"5328","YPL004C"
"5329","YPL005W"
"5330","YPL006W"
"5331","YPL007C"
"5332","YPL008W"
"5333","YPL009C"
"5334","YPL010W"
"5335","YPL011C"
"5336","YPL012W"
"5337","YPL013C"
"5338","YPL014W"
"5339","YPL015C"
"5340","YPL016W"
"5341","YPL017C"
"5342","YPL018W"
"5343","YPL019C"
"5344","YPL020C"
"5345","YPL022W"
"5346","YPL023C"
"5347","YPL024W"
"5348","YPL025C"
"5349","YPL026C"
"5350","YPL027W"
"5351","YPL028W"
"5352","YPL029W"
"5353","YPL030W"
"5354","YPL031C"
"5355","YPL032C"
"5356","YPL033C"
"5357","YPL034W"
"5358","YPL035C"
"5359","YPL036W"
"5360","YPL037C"
"5361","YPL038W"
"5362","YPL039W"
"5363","YPL040C"
"5364","YPL041C"
"5365","YPL042C"
"5366","YPL043W"
"5367","YPL045W"
"5368","YPL046C"
"5369","YPL047W"
"5370","YPL048W"
"5371","YPL049C"
"5372","YPL050C"
"5373","YPL051W"
"5374","YPL052W"
"5375","YPL053C"
"5376","YPL054W"
"5377","YPL055C"
"5378","YPL056C"
"5379","YPL057C"
"5380","YPL058C"
"5381","YPL059W"
"5382","YPL060W"
"5383","YPL061W"
"5384","YPL063W"
"5385","YPL064C"
"5386","YPL065W"
"5387","YPL066W"
"5388","YPL067C"
"5389","YPL068C"
"5390","YPL069C"
"5391","YPL070W"
"5392","YPL071C"
"5393","YPL072W"
"5394","YPL074W"
"5395","YPL075W"
"5396","YPL076W"
"5397","YPL077C"
"5398","YPL078C"
"5399","YPL079W"
"5400","YPL081W"
"5401","YPL082C"
"5402","YPL083C"
"5403","YPL084W"
"5404","YPL085W"
"5405","YPL086C"
"5406","YPL087W"
"5407","YPL088W"
"5408","YPL089C"
"5409","YPL090C"
"5410","YPL091W"
"5411","YPL092W"
"5412","YPL093W"
"5413","YPL094C"
"5414","YPL095C"
"5415","YPL096C-A"
"5416","YPL096W"
"5417","YPL097W"
"5418","YPL098C"
"5419","YPL099C"
"5420","YPL100W"
"5421","YPL101W"
"5422","YPL103C"
"5423","YPL104W"
"5424","YPL105C"
"5425","YPL106C"
"5426","YPL107W"
"5427","YPL108W"
"5428","YPL109C"
"5429","YPL110C"
"5430","YPL111W"
"5431","YPL112C"
"5432","YPL113C"
"5433","YPL115C"
"5434","YPL116W"
"5435","YPL117C"
"5436","YPL118W"
"5437","YPL119C"
"5438","YPL119C-A"
"5439","YPL120W"
"5440","YPL122C"
"5441","YPL123C"
"5442","YPL124W"
"5443","YPL125W"
"5444","YPL126W"
"5445","YPL127C"
"5446","YPL128C"
"5447","YPL129W"
"5448","YPL130W"
"5449","YPL131W"
"5450","YPL132W"
"5451","YPL133C"
"5452","YPL134C"
"5453","YPL135W"
"5454","YPL137C"
"5455","YPL138C"
"5456","YPL139C"
"5457","YPL140C"
"5458","YPL141C"
"5459","YPL144W"
"5460","YPL145C"
"5461","YPL146C"
"5462","YPL147W"
"5463","YPL148C"
"5464","YPL149W"
"5465","YPL150W"
"5466","YPL151C"
"5467","YPL152W"
"5468","YPL153C"
"5469","YPL154C"
"5470","YPL155C"
"5471","YPL156C"
"5472","YPL157W"
"5473","YPL158C"
"5474","YPL159C"
"5475","YPL160W"
"5476","YPL161C"
"5477","YPL162C"
"5478","YPL163C"
"5479","YPL164C"
"5480","YPL165C"
"5481","YPL166W"
"5482","YPL167C"
"5483","YPL168W"
"5484","YPL169C"
"5485","YPL170W"
"5486","YPL171C"
"5487","YPL172C"
"5488","YPL173W"
"5489","YPL174C"
"5490","YPL175W"
"5491","YPL176C"
"5492","YPL177C"
"5493","YPL178W"
"5494","YPL179W"
"5495","YPL180W"
"5496","YPL181W"
"5497","YPL183C"
"5498","YPL183W-A"
"5499","YPL184C"
"5500","YPL186C"
"5501","YPL188W"
"5502","YPL189C-A"
"5503","YPL189W"
"5504","YPL190C"
"5505","YPL191C"
"5506","YPL192C"
"5507","YPL193W"
"5508","YPL194W"
"5509","YPL195W"
"5510","YPL196W"
"5511","YPL198W"
"5512","YPL199C"
"5513","YPL200W"
"5514","YPL201C"
"5515","YPL202C"
"5516","YPL203W"
"5517","YPL204W"
"5518","YPL205C"
"5519","YPL206C"
"5520","YPL207W"
"5521","YPL208W"
"5522","YPL209C"
"5523","YPL210C"
"5524","YPL211W"
"5525","YPL212C"
"5526","YPL213W"
"5527","YPL214C"
"5528","YPL215W"
"5529","YPL216W"
"5530","YPL217C"
"5531","YPL218W"
"5532","YPL219W"
"5533","YPL220W"
"5534","YPL221W"
"5535","YPL222W"
"5536","YPL223C"
"5537","YPL224C"
"5538","YPL225W"
"5539","YPL226W"
"5540","YPL227C"
"5541","YPL228W"
"5542","YPL229W"
"5543","YPL230W"
"5544","YPL231W"
"5545","YPL232W"
"5546","YPL233W"
"5547","YPL234C"
"5548","YPL235W"
"5549","YPL236C"
"5550","YPL237W"
"5551","YPL239W"
"5552","YPL240C"
"5553","YPL241C"
"5554","YPL242C"
"5555","YPL243W"
"5556","YPL244C"
"5557","YPL245W"
"5558","YPL246C"
"5559","YPL247C"
"5560","YPL248C"
"5561","YPL249C"
"5562","YPL249C-A"
"5563","YPL250C"
"5564","YPL252C"
"5565","YPL253C"
"5566","YPL254W"
"5567","YPL255W"
"5568","YPL256C"
"5569","YPL257W"
"5570","YPL258C"
"5571","YPL259C"
"5572","YPL260W"
"5573","YPL262W"
"5574","YPL263C"
"5575","YPL264C"
"5576","YPL265W"
"5577","YPL266W"
"5578","YPL267W"
"5579","YPL268W"
"5580","YPL269W"
"5581","YPL270W"
"5582","YPL271W"
"5583","YPL272C"
"5584","YPL273W"
"5585","YPL274W"
"5586","YPL275W"
"5587","YPL275W"
"5588","YPL277C"
"5589","YPL278C"
"5590","YPL279C"
"5591","YPR001W"
"5592","YPR002C-A"
"5593","YPR002W"
"5594","YPR003C"
"5595","YPR004C"
"5596","YPR005C"
"5597","YPR006C"
"5598","YPR007C"
"5599","YPR008W"
"5600","YPR009W"
"5601","YPR010C"
"5602","YPR010C-A"
"5603","YPR011C"
"5604","YPR012W"
"5605","YPR013C"
"5606","YPR014C"
"5607","YPR015C"
"5608","YPR016C"
"5609","YPR016W-A"
"5610","YPR017C"
"5611","YPR018W"
"5612","YPR019W"
"5613","YPR020W"
"5614","YPR021C"
"5615","YPR022C"
"5616","YPR023C"
"5617","YPR024W"
"5618","YPR025C"
"5619","YPR026W"
"5620","YPR027C"
"5621","YPR028W"
"5622","YPR029C"
"5623","YPR030W"
"5624","YPR031W"
"5625","YPR032W"
"5626","YPR033C"
"5627","YPR034W"
"5628","YPR035W"
"5629","YPR036W"
"5630","YPR036W-A"
"5631","YPR037C"
"5632","YPR040W"
"5633","YPR040W"
"5634","YPR040W"
"5635","YPR041W"
"5636","YPR042C"
"5637","YPR045C"
"5638","YPR046W"
"5639","YPR047W"
"5640","YPR048W"
"5641","YPR049C"
"5642","YPR051W"
"5643","YPR053C"
"5644","YPR053C"
"5645","YPR054W"
"5646","YPR055W"
"5647","YPR056W"
"5648","YPR057W"
"5649","YPR058W"
"5650","YPR060C"
"5651","YPR061C"
"5652","YPR062W"
"5653","YPR063C"
"5654","YPR065W"
"5655","YPR066W"
"5656","YPR067W"
"5657","YPR068C"
"5658","YPR069C"
"5659","YPR070W"
"5660","YPR071W"
"5661","YPR072W"
"5662","YPR073C"
"5663","YPR074C"
"5664","YPR075C"
"5665","YPR078C"
"5666","YPR078C"
"5667","YPR079W"
"5668","YPR080W"
"5669","YPR081C"
"5670","YPR082C"
"5671","YPR083W"
"5672","YPR084W"
"5673","YPR085C"
"5674","YPR086W"
"5675","YPR087W"
"5676","YPR088C"
"5677","YPR089W"
"5678","YPR091C"
"5679","YPR093C"
"5680","YPR094W"
"5681","YPR095C"
"5682","YPR097W"
"5683","YPR098C"
"5684","YPR100W"
"5685","YPR101W"
"5686","YPR102C"
"5687","YPR103W"
"5688","YPR104C"
"5689","YPR105C"
"5690","YPR106W"
"5691","YPR107C"
"5692","YPR108W"
"5693","YPR109W"
"5694","YPR110C"
"5695","YPR111W"
"5696","YPR112C"
"5697","YPR113W"
"5698","YPR114W"
"5699","YPR115W"
"5700","YPR116W"
"5701","YPR117W"
"5702","YPR118W"
"5703","YPR119W"
"5704","YPR120C"
"5705","YPR121W"
"5706","YPR122W"
"5707","YPR124W"
"5708","YPR125W"
"5709","YPR126C"
"5710","YPR127W"
"5711","YPR128C"
"5712","YPR129W"
"5713","YPR131C"
"5714","YPR132W"
"5715","YPR133C"
"5716","YPR133W-A"
"5717","YPR134W"
"5718","YPR135W"
"5719","YPR137W"
"5720","YPR138C"
"5721","YPR139C"
"5722","YPR140W"
"5723","YPR141C"
"5724","YPR143W"
"5725","YPR144C"
"5726","YPR145C-A"
"5727","YPR145W"
"5728","YPR147C"
"5729","YPR147C"
"5730","YPR148C"
"5731","YPR149W"
"5732","YPR150W"
"5733","YPR151C"
"5734","YPR152C"
"5735","YPR153W"
"5736","YPR154W"
"5737","YPR155C"
"5738","YPR156C"
"5739","YPR157W"
"5740","YPR158W"
"5741","YPR159W"
"5742","YPR160W"
"5743","YPR160W"
"5744","YPR161C"
"5745","YPR162C"
"5746","YPR163C"
"5747","YPR164W"
"5748","YPR165W"
"5749","YPR166C"
"5750","YPR167C"
"5751","YPR168W"
"5752","YPR169W"
"5753","YPR170W-B"
"5754","YPR170W-B"
"5755","YPR170W-B"
"5756","YPR171W"
"5757","YPR172W"
"5758","YPR173C"
"5759","YPR174C"
"5760","YPR175W"
"5761","YPR176C"
"5762","YPR178W"
"5763","YPR179C"
"5764","YPR180W"
"5765","YPR181C"
"5766","YPR182W"
"5767","YPR183W"
"5768","YPR184W"
"5769","YPR185W"
"5770","YPR186C"
"5771","YPR187W"
"5772","YPR188C"
"5773","YPR189W"
"5774","YPR190C"
"5775","YPR191W"
"5776","YPR192W"
"5777","YPR193C"
"5778","YPR194C"
"5779","YPR195C"
"5780","YPR196W"
"5781","YPR198W"
"5782","YPR199C"
"5783","YPR200C"
"5784","YPR201W"
